Symbol,Company Name,Overall Rating,Ownership,Valuation,Efficiency,Financials
RELIANCE,Reliance Industries Limited,2,3.8,0.2,1.5,1.6
TCS,Tata Consultancy Services Limited,4,3.7,0.0,5.0,3.5
HDFCBANK,HDFC Bank Limited,5,5.0,1.8,6.9,3.5
INFY,Infosys Limited,3,3.5,0.0,5.0,3.3
HINDUNILVR,Hindustan Unilever Limited,4,3.8,1.0,5.0,3.8
HDFC,Housing Development Finance Corporation Limited,4,3.0,2.5,3.8,5.0
ICICIBANK,ICICI Bank Limited,4,5.0,1.5,3.6,3.3
KOTAKBANK,Kotak Mahindra Bank Limited,5,5.0,1.5,6.5,3.3
SBIN,State Bank of India,3,4.3,0.0,2.1,2.5
BAJFINANCE,Bajaj Finance Limited,5,3.6,2.5,5.0,5.0
BHARTIARTL,Bharti Airtel Limited,2,3.1,2.7,0.0,0.8
ITC,ITC Limited,4,3.0,2.8,5.0,3.3
HCLTECH,HCL Technologies Limited,4,4.1,2.8,5.0,3.9
ASIANPAINT,Asian Paints Limited,4,3.0,0.6,5.0,3.8
WIPRO,Wipro Limited,4,3.3,2.7,4.4,3.0
AXISBANK,Axis Bank Limited,3,5.0,1.8,2.1,1.8
MARUTI,Maruti Suzuki India Limited,4,3.6,2.6,4.4,2.5
LT,Larsen & Toubro Limited,3,3.0,2.8,3.1,2.8
ULTRACEMCO,UltraTech Cement Limited,4,3.1,3.4,2.5,4.3
DMART,Avenue Supermarts Limited,4,3.8,0.4,4.4,4.8
ADANIGREEN,Adani Green Energy Limited,2,2.8,0.0,1.0,3.3
BAJAJFINSV,Bajaj Finserv Limited,4,3.8,2.7,3.8,5.0
SUNPHARMA,Sun Pharmaceutical Industries Limited,4,3.3,3.7,1.5,4.6
ADANIPORTS,Adani Ports and Special Economic Zone Limited,3,3.4,1.3,2.5,1.3
HDFCLIFE,HDFC Life Insurance Company Limited,3,3.1,0.2,5.0,2.3
TITAN,Titan Company Limited,4,3.3,1.8,5.0,4.6
ONGC,Oil & Natural Gas Corporation Limited,4,3.8,3.4,3.1,2.6
HINDZINC,Hindustan Zinc Limited,4,3.4,2.8,5.0,2.5
ADANIENT,Adani Enterprises Limited,4,3.5,2.1,2.5,4.5
JSWSTEEL,JSW Steel Limited,3,2.6,2.8,4.0,2.3
POWERGRID,Power Grid Corporation of India Limited,4,3.6,2.7,4.0,2.3
SHREECEM,SHREE CEMENT LIMITED,3,3.8,2.5,2.5,3.1
BAJAJ-AUTO,Bajaj Auto Limited,4,3.0,2.8,5.0,3.6
ATGL,Adani Total Gas Limited,4,3.8,0.4,5.0,4.6
NTPC,NTPC Limited,3,3.6,2.8,2.1,2.3
TATAMOTORS,Tata Motors Limited,3,3.2,4.5,0.0,0.5
ADANITRANS,Adani Transmission Limited,2,3.1,0.0,0.6,1.3
DIVISLAB,Divi's Laboratories Limited,3,3.6,0.6,4.4,3.1
TECHM,Tech Mahindra Limited,4,3.3,2.4,5.0,3.6
DABUR,Dabur India Limited,3,3.3,0.4,5.0,2.9
GRASIM,Grasim Industries Limited,3,3.8,3.4,1.0,3.3
BPCL,Bharat Petroleum Corporation Limited,3,3.6,1.3,4.0,1.8
PIDILITIND,Pidilite Industries Limited,3,3.3,0.0,5.0,3.6
TATASTEEL,Tata Steel Limited,3,3.0,1.6,3.1,4.0
SBILIFE,SBI Life Insurance Company Limited,3,3.1,0.2,4.0,2.8
BRITANNIA,Britannia Industries Limited,4,3.3,1.8,5.0,4.1
SBICARD,SBI Cards and Payment Services Limited,3,3.8,0.0,5.0,2.5
IOC,Indian Oil Corporation Limited,3,3.3,1.7,2.5,1.0
VEDL,Vedanta Limited,3,2.3,4.5,1.0,0.8
COALINDIA,Coal India Limited,4,3.8,3.4,5.0,3.5
DRREDDY,Dr. Reddy's Laboratories Limited,4,3.2,3.2,2.5,4.1
GODREJCP,Godrej Consumer Products Limited,4,3.5,2.7,5.0,3.3
BERGEPAINT,Berger Paints (I) Limited,4,3.8,0.2,5.0,4.0
INDUSINDBK,IndusInd Bank Limited,4,2.5,2.5,5.5,3.0
HINDALCO,Hindalco Industries Limited,2,2.8,1.4,1.0,1.3
EICHERMOT,Eicher Motors Limited,4,3.1,3.1,5.0,3.3
DLF,DLF Limited,3,3.8,2.7,1.2,3.8
LTI,Larsen & Toubro Infotech Limited,4,3.3,0.0,5.0,4.5
INDUSTOWER,Indus Towers Limited,3,2.8,3.1,3.1,2.5
HAVELLS,Havells India Limited,4,3.6,0.6,4.4,3.4
CIPLA,Cipla Limited,4,3.5,2.8,3.1,4.0
SIEMENS,Siemens Limited,3,3.8,1.0,3.1,2.5
ICICIGI,ICICI Lombard General Insurance Company Limited,3,3.1,0.0,5.0,3.0
ICICIPRULI,ICICI Prudential Life Insurance Company Limited,3,3.8,1.6,2.5,1.8
MOTHERSUMI,Motherson Sumi Systems Limited,4,3.8,4.0,3.1,2.8
INDIGO,InterGlobe Aviation Limited,3.3,3.1,1.6,5,2
HDFCAMC,HDFC Asset Management Company Limited,4,3.8,0.0,5.0,3.8
AMBUJACEM,Ambuja Cements Limited,3,4.3,1.2,1.5,3.3
GAIL,GAIL (India) Limited,4,3.1,3.7,3.1,4.3
TATACONSUM,TATA CONSUMER PRODUCTS LIMITED,3,3.0,0.0,1.9,3.5
HEROMOTOCO,Hero MotoCorp Limited,4,3.8,3.1,5.0,2.8
NAUKRI,Info Edge (India) Limited,3,3.3,0.2,3.1,3.1
BANDHANBNK,Bandhan Bank Limited,5,4.3,1.8,6.5,4.5
MARICO,Marico Limited,4,4,3,5,4
AUROPHARMA,Aurobindo Pharma Limited,4,2.9,3.1,4.0,3.1
BIOCON,Biocon Limited,2,3.8,0.0,1.2,2.3
UPL,UPL Limited,3,3.7,2.8,1.2,3.6
MUTHOOTFIN,Muthoot Finance Limited,4,3.8,1.1,5.0,4.5
LUPIN,Lupin Limited,3,3.1,2.1,1.9,2.3
CHOLAFIN,Cholamandalam Investment and Finance Company Limited,4,3.1,3.1,3.8,3.8
CADILAHC,Cadila Healthcare Limited,4,3.8,2.8,4.0,4.8
TORNTPHARM,Torrent Pharmaceuticals Limited,3,3.8,0.0,2.5,2.5
COLPAL,Colgate Palmolive (India) Limited,4,3.3,1.8,5.0,3.5
HONAUT,Honeywell Automation India Limited,4,3.8,1.2,5.0,4.5
APOLLOHOSP,Apollo Hospitals Enterprise Limited,3,2.3,2.7,1.9,3.6
BOSCHLTD,Bosch Limited,3,3.8,1.4,3.1,2.5
IDBI,IDBI Bank Limited,3,2.5,3.9,0.7,1.5
PGHH,Procter & Gamble Hygiene and Health Care Limited,4,3.8,1.2,5.0,2.8
GLAND,Gland Pharma Limited,4,2.8,5.0,4.4,3.3
MCDOWELL-N,United Spirits Limited,4,3.0,3.3,5.0,4.0
NMDC,NMDC Limited,4,3.3,2.8,4.4,3.4
PEL,Piramal Enterprises Limited,2,3.6,1.4,0.4,1.3
GODREJPROP,Godrej Properties Limited,3,3.1,3.4,1.5,3.3
YESBANK,Yes Bank Limited,1,1,2,1,1
JUBLFOOD,Jubilant Foodworks Limited,4,3.8,1.4,5.0,4.5
PNB,Punjab National Bank,3,3.8,1.8,1.0,3.0
AUBANK,AU Small Finance Bank Limited,4,5.0,0.0,5.9,3.0
BANKBARODA,Bank of Baroda,3,3.8,2.5,1.5,3.0
GUJGASLTD,Gujarat Gas Limited,5,3.8,3.2,5.0,4.8
BAJAJHLDNG,Bajaj Holdings & Investment Limited,3,3,3,3,2
CONCOR,Container Corporation of India Limited,3,3.6,1.4,1.9,2.7
SRTRANSFIN,Shriram Transport Finance Company Limited,3,3.5,1.2,3.0,3.3
IGL,Indraprastha Gas Limited,4,3.6,1.2,5.0,4.8
ACC,ACC Limited,4,3.6,2.0,3.1,3.9
JINDALSTEL,Jindal Steel & Power Limited,3,2.8,1.7,0.6,3.6
GICRE,General Insurance Corporation of India,3,3.8,3.9,1.9,1.0
MRF,MRF Limited,3,2.7,2.4,3.1,2.6
HINDPETRO,Hindustan Petroleum Corporation Limited,4,3.8,1.8,4.6,1.8
MINDTREE,MindTree Limited,4,3.8,0.4,5.0,4.5
3MINDIA,3M India Limited,3,3.8,1.0,4.4,2.7
PIIND,PI Industries Limited,4,3.1,0.6,4.4,4.3
PAGEIND,Page Industries Limited,4,3.6,2.5,5.0,3.3
PETRONET,Petronet LNG Limited,4,3.6,2.6,5.0,4.0
ASHOKLEY,Ashok Leyland Limited,4,2.9,2.1,4.4,3.5
HAL,Hindustan Aeronautics Limited,4,3.8,1.8,5.0,2.9
MPHASIS,MphasiS Limited,4,3.1,2.7,5.0,4.3
VOLTAS,Voltas Limited,4,3.8,2.4,3.1,3.1
ALKEM,Alkem Laboratories Limited,4,3.3,2.4,4.0,3.6
TATAPOWER,Tata Power Company Limited,2,3.3,1.7,0.4,0.7
UBL,United Breweries Limited,4,2.9,2.5,4.4,4.3
ADANIPOWER,Adani Power Limited,3,3.1,3.1,0.4,1.8
BALKRISIND,Balkrishna Industries Limited,4,3.3,0.6,4.4,3.8
SAIL,Steel Authority of India Limited,3,3.6,2.0,1.2,2.8
ASTRAL,Astral Poly Technik Limited,4,3.6,1.4,3.5,4.3
KANSAINER,Kansai Nerolac Paints Limited,3,3.8,0.4,3.1,2.5
SRF,SRF Limited,4,3.3,1.4,3.4,4.6
IDFCFIRSTB,IDFC First Bank Limited,3,3.8,3.9,1.5,2.0
BEL,Bharat Electronics Limited,4,3.6,3.1,5.0,3.1
TATACOMM,Tata Communications Limited,3,3.1,1.2,1.0,4.0
PFC,Power Finance Corporation Limited,3,3.6,2.5,2.0,3.3
IRFC,Indian Railway Finance Corporation Limited,4,4.0,5.0,2.0,4.5
ABB,ABB India Limited,3,3.8,1.0,1.9,2.5
DALBHARAT,Dalmia Bharat Limited,2,2.8,0.0,1.0,3.0
MFSL,Max Financial Services Limited,4,2.0,2.9,3.3,5.0
VBL,Varun Beverages Limited,3,3.8,0.2,2.5,1.9
ABCAPITAL,Aditya Birla Capital Limited,3,4.0,1.7,0.0,5.0
SUNDARMFIN,Sundaram Finance Limited,4,3.0,2.5,3.8,3.3
WHIRLPOOL,Whirlpool of India Limited,4,3.8,0.6,5.0,4.2
IRCTC,Indian Railway Catering And Tourism Corporation Limited,3,3.8,0.0,5.0,3.0
LTTS,L&T Technology Services Limited,4,3.3,1.8,5.0,4.3
TVSMOTOR,TVS Motor Company Limited,4,3.6,2.8,5.0,3.1
BHARATFORG,Bharat Forge Limited,4,3.6,3.1,4.0,2.5
OFSS,Oracle Financial Services Software Limited,4,3.3,3.7,5.0,3.0
TRENT,Trent Limited,3,3.3,0.4,1.9,2.9
IDEA,Vodafone Idea Limited,2,3.5,4.1,0.0,0.3
IOB,Indian Overseas Bank,2,2.5,2.1,0.7,1.5
SUPREMEIND,Supreme Industries Limited,4,3.6,0.0,5.0,4.1
RECLTD,REC Limited,3,3.6,2.5,2.0,0.8
CUMMINSIND,Cummins India Limited,4,3.6,3.4,4.4,2.3
NIACL,The New India Assurance Company Limited,3,3.8,2.7,1.9,1.0
CANBK,Canara Bank,3,3.8,3.9,0.7,0.5
CROMPTON,Crompton Greaves Consumer Electricals Limited,4,2.0,1.9,5.0,4.0
NHPC,NHPC Limited,3,3.8,2.8,2.5,2.6
GLAXO,GlaxoSmithKline Pharmaceuticals Limited,3,3.8,0.6,3.5,2.5
IPCALAB,IPCA Laboratories Limited,4,3.6,1.6,3.1,4.3
RAMCOCEM,The Ramco Cements Limited,3,2.4,2.8,2.5,2.8
INDIAMART,Indiamart Intermesh Limited,4,3.1,0.0,5.0,5.0
TIINDIA,Tube Investments of India Limited,3,2.8,0.2,4.0,4.0
AARTIIND,Aarti Industries Limited,3,2.8,0.6,4.6,3.8
COROMANDEL,Coromandel International Limited,4,2.5,1.8,5.0,4.1
DEEPAKNTR,Deepak Nitrite Limited,4,3.3,2.2,5.0,4.8
LALPATHLAB,Dr. Lal Path Labs Ltd.,4,3.6,0.6,5.0,3.8
JKCEMENT,JK Cement Limited,4,3.1,2.6,3.1,3.7
BANKINDIA,Bank of India,3,3.3,3.9,1.5,2.3
UNIONBANK,Union Bank of India,3,3.3,3.9,0.7,1.3
RELAXO,Relaxo Footwears Limited,4,3.8,0.4,5.0,4.3
SYNGENE,Syngene International Limited,4,3.3,2.8,4.0,3.9
LICHSGFIN,LIC Housing Finance Limited,4,3.6,3.5,2.8,3.8
EMAMILTD,Emami Limited,4,2.6,4.0,4.0,2.5
DIXON,Dixon Technologies (India) Limited,4,2.8,0.6,5.0,4.5
ATUL,Atul Limited,4,3.5,1.2,4.4,4.5
OBEROIRLTY,Oberoi Realty Limited,3,3.8,0.7,1.5,2.3
NAM-INDIA,Nippon Life India Asset Management Limited,3,3.3,0.7,4.5,1.3
PFIZER,Pfizer Limited,3,3.8,0.2,4.4,3.3
POLYCAB,Polycab India Limited,4,3.3,0.0,4.4,4.6
ENDURANCE,Endurance Technologies Limited,4,3.8,2.8,4.4,4.1
TORNTPOWER,Torrent Power Limited,3,3.3,2.6,2.5,3.1
MAXHEALTH,Max Healthcare Institute Limited,3,3.3,5.0,0.0,1.1
ZEEL,Zee Entertainment Enterprises Limited,4,2.2,4.0,5.0,2.8
LAURUSLABS,Laurus Labs Limited,3,1.9,2.8,2.5,3.3
AIAENG,AIA Engineering Limited,4,3.6,2.7,4.4,4.1
GILLETTE,Gillette India Limited,4,3.8,2.5,5.0,2.5
TATACHEM,Tata Chemicals Limited,4,3.3,3.0,5.0,3.8
AAVAS,Aavas Financiers Limited,3,3.1,0.0,3.0,2.5
RUCHI,Ruchi Soya Industries Limited,2,2.0,1.2,1.0,3.5
APLLTD,Alembic Pharmaceuticals Limited,4,3.3,2.8,5.0,4.3
SUNTV,Sun TV Network Limited,5,3.8,4.0,5.0,3.6
GODREJIND,Godrej Industries Limited,3,3.7,1.4,1.2,2.6
SANOFI,Sanofi India Limited,3,3.8,0.2,4.4,3.5
BATAINDIA,Bata India Limited,4,3.6,0.0,4.4,4.0
COFORGE,Coforge Limited,4,3.8,1.2,4.4,4.3
APLAPOLLO,APL Apollo Tubes Limited,3,2.8,2.8,2.5,3.0
ESCORTS,Escorts Limited,4,3.3,2.6,4.4,4.3
ABFRL,Aditya Birla Fashion and Retail Limited,3,3.1,3.8,1.9,0.6
SCHAEFFLER,Schaeffler India Limited,3,3.8,1.0,3.1,2.5
BHEL,Bharat Heavy Electricals Limited,3,3.8,4.5,0.4,0.8
SUNDRMFAST,Sundram Fasteners Limited,4,3.3,2.6,5.0,2.5
TATAELXSI,Tata Elxsi Limited,4,3.3,0.0,5.0,4.0
THERMAX,Thermax Limited,3,3.8,2.5,1.9,3.3
HATSUN,Hatsun Agro Product Limited,3,3.5,3.0,3.4,1.6
EXIDEIND,Exide Industries Limited,4,3.6,2.8,3.1,3.1
AJANTPHARM,Ajanta Pharma Limited,4,3.1,2.5,5.0,2.8
GSPL,Gujarat State Petronet Limited,4,3.3,2.8,4.0,4.8
LINDEINDIA,Linde India Limited,4,3.8,2.0,4.4,4.0
FEDERALBNK,The Federal Bank  Limited,4,5.0,2.5,3.3,2.0
NATCOPHARM,Natco Pharma Limited,4,3.1,3.0,5.0,2.3
FORTIS,Fortis Healthcare Limited,3,3.3,1.9,1.0,3.7
KAJARIACER,Kajaria Ceramics Limited,4,3.6,2.8,4.4,2.6
MINDAIND,Minda Industries Limited,3,3.3,1.8,3.1,3.3
PERSISTENT,Persistent Systems Limited,4,3.3,2.8,4.4,3.4
GMRINFRA,GMR Infrastructure Limited,2,2.3,3.1,0.0,2.0
AMARAJABAT,Amara Raja Batteries Limited,4,3.0,3.7,4.4,3.4
SUMICHEM,Sumitomo Chemical India Limited,4,3.5,0.0,5.0,5.0
JSWENERGY,JSW Energy Limited,3,2.6,2.8,0.4,3.3
VINATIORGA,Vinati Organics Limited,4,3.8,1.2,5.0,4.6
APOLLOTYRE,Apollo Tyres Limited,3,2.5,3.4,1.5,2.3
RAJESHEXPO,Rajesh Exports Limited,3,3.3,2.6,1.5,2.2
AFFLE,Affle (India) Limited,4,3.3,0.0,5.0,5.0
MAHABANK,Bank of Maharashtra,2,2.5,0.0,1.5,2.8
NAVINFLUOR,Navin Fluorine International Limited,4,2.5,1.6,5.0,4.5
PHOENIXLTD,The Phoenix Mills Limited,2,3.6,0.0,1.5,2.5
CRISIL,CRISIL Limited,3,3.3,0.4,5.0,2.5
OIL,Oil India Limited,4,3.3,3.7,1.5,4.1
BLUEDART,Blue Dart Express Limited,3,3.8,4.5,2.5,1.0
INDHOTEL,The Indian Hotels Company Limited,2,3.6,3.1,0.4,0.8
GLENMARK,Glenmark Pharmaceuticals Limited,4,3.6,4.0,2.5,2.3
INDIANB,Indian Bank,3,3.3,2.5,1.5,2.8
SUVENPHAR,Suven Pharmaceuticals Limited,2,3.8,0.0,0.0,2.3
MANAPPURAM,Manappuram Finance Limited,4,2.5,2.5,5.0,3.3
ZYDUSWELL,Zydus Wellness Limited,3,3.8,3.5,1.5,0.8
VAIBHAVGBL,Vaibhav Global Limited,3,3.1,2.2,2.5,3.8
WABCOINDIA,WABCO India Limited,3,3.6,1.1,4.4,2.5
RBLBANK,RBL Bank Limited,3,5.0,2.5,2.0,1.5
CASTROLIND,Castrol India Limited,4,3.3,2.5,5.0,2.5
ISEC,ICICI Securities Limited,4,3.8,0.0,5.0,3.3
PRESTIGE,Prestige Estates Projects Limited,3,4.1,2.6,1.2,1.9
ALKYLAMINE,Alkyl Amines Chemicals Limited,4,3.0,1.4,5.0,4.8
SOLARINDS,Solar Industries India Limited,4,3.8,2.7,5.0,3.8
MGL,Mahanagar Gas Limited,4,3.8,2.6,5.0,4.5
CUB,City Union Bank Limited,4,5.0,1.8,4.6,1.5
METROPOLIS,Metropolis Healthcare Limited,3,2.8,0.0,5.0,3.5
INDIGOPNTS,Indigo Paints Limited,4,3.1,5.0,4.0,2.3
CHOLAHLDNG,Cholamandalam Financial Holdings Limited,4,3.3,2.9,3.3,5.0
BAJAJELEC,Bajaj Electricals Limited,3,3.3,3.9,1.9,1.3
AMBER,Amber Enterprises India Limited,3,3.6,0.4,2.5,4.8
SKFINDIA,SKF India Limited,4,3.6,2.4,4.4,3.2
TANLA,Tanla Platforms Limited,3,3.5,3.3,0.0,2.0
HINDCOPPER,Hindustan Copper Limited,2,3.8,3.8,0.0,0.3
UCOBANK,UCO Bank,3,2.5,3.6,1.0,2.3
IIFLWAM,Iifl Wealth Management Limited,3,2.2,0.0,3.3,2.5
JUBLPHARMA,Jubilant Pharmova Limited,4,3.3,4.0,2.5,3.8
VGUARD,V-Guard Industries Limited,4,2.8,2.7,5.0,3.0
ITI,ITI Limited,2,3.0,0.6,2.0,1.3
IIFL,IIFL Finance Limited,4,2.2,3.1,3.0,3.8
KEC,KEC International Limited,4,3.6,2.8,5.0,4.0
GRINDWELL,Grindwell Norton Limited,4,3.3,2.6,4.4,4.0
AEGISCHEM,Aegis Logistics Limited,3,2.8,1.7,1.5,2.1
AKZOINDIA,Akzo Nobel India Limited,3,3.8,0.4,5.0,2.5
CREDITACC,CREDITACCESS GRAMEEN LIMITED,4,3.3,0.0,4.5,5.0
QUESS,Quess Corp Limited,3,3.1,4.5,1.0,1.8
PGHL,Procter & Gamble Health Limited,3,3.3,0.4,5.0,1.5
SJVN,SJVN Limited,4,3.5,2.8,3.1,2.6
NATIONALUM,National Aluminium Company Limited,3,2.8,1.4,3.1,2.5
GODREJAGRO,Godrej Agrovet Limited,4,3.2,1.8,4.4,4.3
TTKPRESTIG,TTK Prestige Limited,4,3.8,2.5,5.0,3.6
ALOKINDS,Alok Industries Limited,2,3.0,1.5,0.0,3.0
GRAPHITE,Graphite India Limited,4,3.8,2.0,5.0,3.6
IEX,Indian Energy Exchange Limited,4,3.0,0.6,5.0,4.0
INTELLECT,Intellect Design Arena Limited,3,2.8,4.5,1.5,1.3
ORCHPHARMA,Orchid Pharma Limited,3,2.7,5.0,0.0,1.3
TIMKEN,Timken India Limited,4,3.8,2.1,4.4,4.6
JBCHEPHARM,JB Chemicals & Pharmaceuticals Limited,3,3.3,1.4,3.1,4.0
CARBORUNIV,Carborundum Universal Limited,4,2.8,2.8,3.1,3.9
SFL,Sheela Foam Limited,4,3.8,1.8,5.0,3.6
CENTRALBK,Central Bank of India,3,2.5,4.6,1.0,3.0
CHAMBLFERT,Chambal Fertilizers & Chemicals Limited,4,3.1,3.4,4.0,3.8
MOTILALOFS,Motilal Oswal Financial Services Limited,5,4.0,3.1,4.5,5.0
IBULHSGFIN,Indiabulls Housing Finance Limited,4,3.0,3.5,3.8,3.0
GALAXYSURF,Galaxy Surfactants Limited,4,3.8,0.6,5.0,3.4
SHRIRAMCIT,Shriram City Union Finance Limited,4,3.3,3.5,3.0,3.3
BLUESTARCO,Blue Star Limited,3,3.3,2.7,3.1,2.8
BASF,BASF India Limited,3,3.5,1.4,1.9,3.1
CGPOWER,CG Power and Industrial Solutions Limited,2,2.5,4.5,0.0,0.3
RATNAMANI,Ratnamani Metals & Tubes Limited,4,3.8,2.6,4.4,4.8
DHANI,Dhani Services Limited,4,2.9,3.5,2.3,5.0
SYMPHONY,Symphony Limited,5,3.8,4.0,5.0,4.2
HUDCO,Housing & Urban Development Corporation Limited,4,3.0,2.5,3.0,5.0
KIOCL,KIOCL Limited,3,3.0,1.8,1.0,3.5
NBCC,NBCC (India) Limited,4,3.8,3.2,4.4,2.2
NH,Narayana Hrudayalaya Ltd.,3,4.1,2.5,1.2,2.1
ERIS,Eris Lifesciences Limited,4,2.8,1.3,5.0,3.3
CANFINHOME,Can Fin Homes Limited,3,2.7,3.1,2.8,3.3
ROUTE,ROUTE MOBILE LIMITED,4,3.3,5.0,2.5,3.0
WELSPUNIND,Welspun India Limited,4,3.8,4.0,2.1,3.5
JMFINANCIL,JM Financial Limited,4,3.1,2.3,3.3,5.0
DBL,Dilip Buildcon Limited,4,3.1,3.4,5.0,2.4
HAPPSTMNDS,Happiest Minds Technologies Limited,5,3.3,5.0,4.6,4.6
FSL,Firstsource Solutions Limited,3,2.8,2.8,1.9,2.3
FINPIPE,Finolex Industries Limited,4,3.0,2.7,3.1,4.0
POLYMED,Poly Medicure Limited,4,2.8,2.7,5.0,4.0
CESC,CESC Limited,3,3.6,2.8,1.9,2.1
DCMSHRIRAM,DCM Shriram Limited,4,3.8,2.8,5.0,3.6
BBTC,Bombay Burmah Trading Corporation Limited,2,3.5,3.7,0.4,0.3
STLTECH,Sterlite Technologies Limited,5,2.8,4.0,5.0,4.2
STAR,Strides Pharma Science Limited,3,1.5,3.4,2.5,2.3
IDFC,IDFC Limited,2,2.6,3.1,1.3,0.5
ASAHIINDIA,Asahi India Glass Limited,3,2.3,3.1,3.4,1.8
ASTRAZEN,AstraZeneca Pharma India Limited,4,3.0,2.0,4.4,4.8
GRANULES,Granules India Limited,4,3.0,3.3,4.0,4.6
RADICO,Radico Khaitan Limited,4,3.1,2.6,3.1,4.3
VTL,Vardhman Textiles Limited,4,4.0,3.1,2.5,2.5
EPL,EPL Limited,3,3.3,0.2,3.1,3.5
PVR,PVR Limited,3,3.0,1.3,2.5,1.9
REDINGTON,Redington (India) Limited,4,3.0,3.4,4.0,4.0
UTIAMC,UTI Asset Management Company Limited,4,3.0,5.0,3.8,0.5
KPRMILL,K.P.R. Mill Limited,4,3.8,3.4,4.4,3.1
BIRLACORPN,Birla Corporation Limited,4,3.8,3.4,1.2,4.0
LAXMIMACH,Lakshmi Machine Works Limited,3,3.0,1.7,1.9,2.5
JCHAC,Johnson Controls - Hitachi Air Conditioning India Limited,3,3.8,0.6,4.4,2.5
TRIDENT,Trident Limited,3,3.0,2.8,2.5,2.0
CYIENT,Cyient Limited,3,3.0,0.4,3.1,2.5
CENTURYPLY,Century Plyboards (India) Limited,4,3.8,3.4,4.0,2.6
BSOFT,BIRLASOFT LIMITED,3,3.1,2.8,3.1,2.7
KALYANKJIL,Kalyan Jewellers India Limited,2,1.5,5.0,0.0,1.0
FINEORG,Fine Organic Industries Limited,3,3.8,0.0,5.0,2.6
NLCINDIA,NLC India Limited,3,3.8,3.4,2.5,1.7
ASTERDM,Aster DM Healthcare Limited,2,2.3,0.6,0.4,4.1
EQUITASBNK,Equitas Small Finance Bank Limited,4,3.8,4.6,3.5,1.5
CDSL,Central Depository Services (India) Limited,3,3.0,0.7,4.5,1.8
MRPL,Mangalore Refinery and Petrochemicals Limited,3,3.0,4.5,0.4,0.7
CGCL,Capri Global Capital Limited,3,3.0,0.4,3.3,5.0
PNCINFRA,PNC Infratech Limited,5,3.6,3.7,4.0,4.8
ORIENTELEC,Orient Electric Limited,3,3.0,0.0,5.0,3.3
PRSMJOHNSN,Prism Johnson Limited,4,3.8,4.0,1.9,2.5
AARTIDRUGS,Aarti Drugs Limited,4,3.0,2.8,4.6,4.3
TEAMLEASE,Teamlease Services Limited,4,3.5,1.4,4.0,3.1
MMTC,MMTC Limited,3,3.0,4.2,0.4,1.3
FLUOROCHEM,Gujarat Fluorochemicals Limited,2,3.5,0.0,0.0,2.0
INFIBEAM,Infibeam Avenues Limited,3,1.9,4.0,1.0,4.8
PNBHOUSING,PNB Housing Finance Limited,3,2.5,3.5,2.0,3.3
CEATLTD,CEAT Limited,3,3.6,2.8,2.5,2.2
GMMPFAUDLR,GMM Pfaudler Limited,4,3.3,0.0,5.0,4.8
SUNCLAYLTD,Sundaram Clayton Limited,3,3.8,2.8,2.1,1.3
ZENSARTECH,Zensar Technologies Limited,4,3.1,4.0,4.4,3.2
MAHINDCIE,Mahindra CIE Automotive Limited,3,3.8,2.5,1.0,2.8
BDL,Bharat Dynamics Limited,4,3.8,1.8,5.0,2.3
RVNL,Rail Vikas Nigam Limited,3,3.0,0.0,3.4,4.5
ELGIEQUIP,Elgi Equipments Limited,4,3.3,3.7,3.1,3.4
KNRCON,KNR Constructions Limited,4,3.6,2.6,5.0,3.6
SEQUENT,Sequent Scientific Limited,4,3.3,2.7,2.5,4.8
VAKRANGEE,Vakrangee Limited,3,3.3,3.6,3.1,1.0
EDELWEISS,Edelweiss Financial Services Limited,3,2.5,3.5,2.3,0.0
BRIGADE,Brigade Enterprises Limited,3,3.8,2.6,1.9,2.2
FINCABLES,Finolex Cables Limited,4,3.0,4.0,4.4,4.0
EIHOTEL,EIH Limited,3,3.0,3.7,1.0,2.7
POWERINDIA,ABB Power Products and Systems India Limited,2,3.5,0.0,0.0,2.2
RITES,RITES Limited,4,3.8,0.0,4.4,4.8
SIS,SIS LIMITED,3,3.3,1.6,2.5,2.1
TATASTLBSL,Tata Steel Bsl Limited,3,3.5,2.5,0.0,2.6
BALAMINES,Balaji Amines Limited,4,2.6,3.1,5.0,3.3
HEG,HEG Limited,4,3.3,1.7,5.0,3.6
AVANTIFEED,Avanti Feeds Limited,4,3.3,2.8,5.0,3.6
EIDPARRY,EID Parry India Limited,2,2.5,1.4,1.2,0.8
KALPATPOWR,Kalpataru Power Transmission Limited,4,2.6,4.0,3.5,4.3
VMART,V-Mart Retail Limited,3,3.1,1.4,4.4,2.7
ROSSARI,Rossari Biotech Limited,5,3.8,5.0,5.0,4.8
SONATSOFTW,Sonata Software Limited,4,2.7,2.7,5.0,4.2
JUSTDIAL,Just Dial Limited,4,2.5,4.0,5.0,4.3
HEIDELBERG,HeidelbergCement India Limited,4,3.8,3.2,4.4,4.1
GARFIBRES,Garware Technical Fibres Limited,4,2.8,2.0,5.0,4.0
UJJIVANSFB,Ujjivan Small Finance Bank Limited,3,3.3,0.0,3.9,3.7
TATAINVEST,Tata Investment Corporation Limited,2,3.0,1.4,1.3,0.0
VSTIND,VST Industries Limited,4,3.0,2.7,5.0,3.0
BEML,BEML Limited,3,3.3,3.4,1.2,1.4
CENTURYTEX,Century Textiles & Industries Limited,4,3.3,3.7,5.0,3.5
INDIACEM,The India Cements Limited,2,2.0,3.7,0.4,0.8
SCI,Shipping Corporation Of India Limited,3,3.8,2.8,1.0,2.9
JKLAKSHMI,JK Lakshmi Cement Limited,4,3.6,4.0,1.9,4.0
CERA,Cera Sanitaryware Limited,4,3.3,2.8,4.4,2.9
JYOTHYLAB,Jyothy Labs Limited,4,3.8,2.8,5.0,2.3
VIPIND,VIP Industries Limited,4,3.3,1.4,5.0,3.1
SOLARA,Solara Active Pharma Sciences Limited,2,2.1,0.0,1.5,1.6
TV18BRDCST,TV18 Broadcast Limited,3,3.8,2.0,0.4,1.9
COCHINSHIP,Cochin Shipyard Limited,4,3.5,1.8,4.4,4.3
BURGERKING,Burger King India Limited,3,2.8,5.0,0.0,1.8
VARROC,Varroc Engineering Limited,3,3.6,1.2,1.9,4.0
RALLIS,Rallis India Limited,4,3.3,2.4,3.1,4.3
ANURAS,Anupam Rasayan India Limited,2,1.5,5.0,0.0,1.0
KPITTECH,KPIT Technologies Limited,2,2.8,0.0,2.5,2.3
FDC,FDC Limited,4,3.5,2.8,3.1,3.4
NCC,NCC Limited,3,2.0,4.0,2.5,2.8
RAIN,Rain Industries Limited,2,3.3,0.6,1.0,2.0
THYROCARE,Thyrocare Technologies Limited,4,3.8,1.4,5.0,3.5
GODFRYPHLP,Godfrey Phillips India Limited,4,4.0,3.4,3.5,4.1
KEI,KEI Industries Limited,5,3.6,3.0,5.0,4.5
GPPL,Gujarat Pipavav Port Limited,4,3.6,4.0,3.1,3.0
GNFC,Gujarat Narmada Valley Fertilizers and Chemicals Limited,3,3.3,3.1,3.1,2.5
MASFIN,MAS Financial Services Limited,4,3.8,0.4,4.5,5.0
LXCHEM,Laxmi Organic Industries Limited,4,1.5,5.0,5.0,1.0
GESHIP,The Great Eastern Shipping Company Limited,3,3.0,2.9,1.0,2.4
PRINCEPIPE,Prince Pipes And Fittings Limited,3,3.8,0.0,5.0,2.6
WOCKPHARMA,Wockhardt Limited,2,2.3,4.5,0.4,0.5
HATHWAY,Hathway Cable & Datacom Limited,3,3.0,1.6,1.0,2.6
BALRAMCHIN,Balrampur Chini Mills Limited,4,3.6,3.4,4.6,2.8
IFBIND,IFB Industries Limited,4,4,2.6,3,4.7
NAZARA,Nazara Technologies Limited,3,3.2,5.0,0.0,2.5
RESPONIND,Responsive Industries Limited,2,2.5,1.8,1.2,2.0
KARURVYSYA,Karur Vysya Bank Limited,3,3.5,2.5,0.5,2.0
LUXIND,Lux Industries Limited,4,3.5,2.8,5.0,4.1
ENGINERSIN,Engineers India Limited,4,2.8,3.7,4.4,4.3
DELTACORP,Delta Corp Limited,3.3,3,2.7,3.2,5
MAZDOCK,Mazagon Dock Shipbuilders Limited,4,3.0,5.0,4.4,3.0
RCF,Rashtriya Chemicals and Fertilizers Limited,3,3.0,4.0,1.0,1.6
JSWHL,JSW Holdings Limited,4,3.5,3.1,1.3,5.0
SUZLON,Suzlon Energy Limited,2,2.2,4.0,0.0,0.0
KRBL,KRBL Limited,4,3.3,4.0,5.0,3.6
MAHLOG,Mahindra Logistics Limited,3,3.1,1.2,4.4,3.1
IRCON,Ircon International Limited,3,2.8,2.0,2.5,3.1
SWSOLAR,Sterling And Wilson Solar Limited,3,2.3,0.0,5.0,2.0
SOBHA,Sobha Limited,4,2.9,4.0,3.1,3.1
JUBLINGREA,Jubilant Ingrevia Limited,2,1.5,5.0,0.0,1.0
SUNTECK,Sunteck Realty Limited,3,3.3,3.4,1.5,2.5
MAHSCOOTER,Maharashtra Scooters Limited,3,3.0,3.7,1.0,3.5
RAILTEL,Railtel Corporation Of India Limited,4,4.0,5.0,2.5,1.8
CSBBANK,CSB Bank Limited,3,3.8,0.0,1.8,2.6
BHARATRAS,Bharat Rasayan Limited,4,3.0,1.8,5.0,4.8
STARCEMENT,Star Cement Limited,4,3.2,0.4,5.0,4.3
SUPPETRO,Supreme Petrochem Limited,4,3.0,2.6,5.0,4.2
HOMEFIRST,Home First Finance Company India Limited,5,4.3,5.0,2.5,4.5
HEMIPROP,Hemisphere Properties India Limited,3,3.0,5.0,0.0,0.8
SPANDANA,Spandana Sphoorty Financial Limited,4,4.0,0.0,5.0,5.0
AGCNET,AGC Networks Limited,4,3.4,2.5,4.0,2.3
INDOSTAR,IndoStar Capital Finance Limited,2,2.5,2.0,0.5,2.5
ADVENZYMES,Advanced Enzyme Technologies Limited,4,2.8,3.4,3.1,4.0
SUPRAJIT,Suprajit Engineering Limited,4,3.3,4.0,4.4,3.4
ECLERX,eClerx Services Limited,4,3.6,3.4,4.4,2.5
BAJAJCON,Bajaj Consumer Care Limited,4,3.3,2.6,5.0,2.8
IRB,IRB Infrastructure Developers Limited,3,2.6,4.0,2.1,2.0
NETWORK18,Network18 Media & Investments Limited,3,3.0,4.1,0.0,1.3
FACT,Fertilizers and Chemicals Travancore Limited,4,3.5,3.6,2.0,3.2
SPARC,Sun Pharma Advanced Research Company Limited,2,2.7,4.7,0.0,0.0
NESCO,Nesco Limited,4,3.5,2.5,4.4,3.8
IBREALEST,Indiabulls Real Estate Limited,3,2.5,4.5,0.4,1.8
TASTYBITE,Tasty Bite Eatables Limited,4,3.0,0.6,5.0,4.6
TCIEXP,TCI Express Limited,4,3.8,1.8,5.0,4.3
GULFOILLUB,Gulf Oil Lubricants India Limited,4,3.3,3.1,5.0,4.0
WELCORP,Welspun Corp Limited,3,3.3,2.8,1.2,3.4
HGS,Hinduja Global Solutions Limited,4,3.8,2.8,4.0,4.3
SUDARSCHEM,Sudarshan Chemical Industries Limited,4,3.3,1.8,5.0,3.8
MOIL,MOIL Limited,3,3.8,2.8,3.1,1.2
PRAJIND,Praj Industries Limited,3,2.5,3.4,1.5,4.1
TATASTLLP,Tata Steel Long Products Limited,3,3.5,4.5,1.0,1.5
TECHNOE,Techno Electric & Engineering Company Limited,5,4.1,4.0,4.4,5.0
PAISALO,Paisalo Digital Limited,3,3.1,2.5,2.5,3.8
PRIVISCL,Privi Speciality Chemicals Limited,4,3.0,3.3,5.0,4.6
MIDHANI,Mishra Dhatu Nigam Limited,3,3.8,0.0,4.4,2.3
SWANENERGY,Swan Energy Limited,3,3.1,2.1,1.2,2.6
ITDC,India Tourism Development Corporation Limited,4,3.0,4.0,1.9,4.0
JSL,Jindal Stainless Limited,3,2.8,4.0,1.9,2.8
TRITURBINE,Triveni Turbine Limited,4,3.8,3.1,5.0,2.5
PHILIPCARB,Phillips Carbon Black Limited,4,3.3,1.2,4.0,4.0
JINDALPOLY,Jindal Poly Films Limited,3,3.0,3.4,1.0,4.3
GSFC,Gujarat State Fertilizers & Chemicals Limited,3,3.0,2.4,1.2,2.1
KSCL,Kaveri Seed Company Limited,4,3.3,3.4,5.0,4.1
IOLCP,IOL Chemicals and Pharmaceuticals Limited,5,3.0,3.3,5.0,4.8
HFCL,HFCL Limited,4,1.6,4.0,3.1,4.2
DHANUKA,Dhanuka Agritech Limited,4,3.3,3.4,5.0,3.1
INOXLEISUR,INOX Leisure Limited,3,3.6,0.7,3.5,1.9
BORORENEW,BOROSIL RENEWABLES LIMITED,2,3.0,1.7,1.2,1.1
DCBBANK,DCB Bank Limited,3,5.0,1.8,2.6,1.1
ICRA,ICRA Limited,4,3.6,2.8,4.4,2.5
MTARTECH,Mtar Technologies Limited,5,3.8,5.0,3.1,4.8
KSB,Ksb Limited,4,4.0,2.8,3.1,3.4
TCNSBRANDS,TCNS Clothing Co. Limited,4,3.0,0.2,5.0,4.1
CCL,CCL Products (India) Limited,4,3.3,3.4,5.0,4.0
MASTEK,Mastek Limited,4,3.5,3.4,2.5,2.6
CAPLIPOINT,Caplin Point Laboratories Limited,5,3.0,3.7,5.0,4.6
ALLCARGO,Allcargo Logistics Limited,4,3.8,4.0,2.5,4.3
CHALET,Chalet Hotels Limited,2,2.8,0.0,0.4,1.1
CRAFTSMAN,Craftsman Automation Limited,3,3.8,0.0,2.5,1.8
EQUITAS,Equitas Holdings Limited,3,3.0,3.5,0.0,3.3
MAGMA,Magma Fincorp Limited,3,3.0,4.0,1.5,0.5
GREAVESCOT,Greaves Cotton Limited,4,3.3,2.8,4.4,2.7
JSLHISAR,Jindal Stainless (Hisar) Limited,4,2.3,4.0,5.0,2.3
GAEL,Gujarat Ambuja Exports Limited,4,3.0,2.6,4.0,2.5
LEMONTREE,Lemon Tree Hotels Limited,2,2.3,0.0,1.2,2.9
MAHLIFE,Mahindra Lifespace Developers Limited,3,3.3,3.9,0.0,0.8
NILKAMAL,Nilkamal Limited,4,4.0,2.8,3.5,2.5
SURYODAY,Suryoday Small Finance Bank Limited,2,0.0,4.6,2.5,0.0
NOCIL,NOCIL Limited,4,1.5,3.1,4.4,3.5
ASHOKA,Ashoka Buildcon Limited,4,3.6,4.0,3.1,4.8
MHRIL,Mahindra Holidays & Resorts India Limited,5,3.8,4.7,5.0,2.5
SAREGAMA,Saregama India Limited,4,3.3,4.0,3.5,4.8
TTML,Tata Teleservices (Maharashtra) Limited,3,3.0,4.0,0.0,1.5
ESABINDIA,Esab India Limited,4,3.8,1.6,4.4,4.5
UFLEX,UFLEX Limited,3,3.0,3.4,1.2,1.8
SHILPAMED,Shilpa Medicare Limited,4,3.0,3.7,2.5,3.3
ORIENTREF,Orient Refractories Limited,4,3.8,2.8,5.0,3.5
POLYPLEX,Polyplex Corporation Limited,5,3.3,3.4,5.0,4.3
JAMNAAUTO,Jamna Auto Industries Limited,4,3.0,1.7,5.0,2.3
JKTYRE,JK Tyre & Industries Limited,3,2.6,4.0,1.5,0.8
NEULANDLAB,Neuland Laboratories Limited,3,2.2,3.4,1.0,2.3
NFL,National Fertilizers Limited,3,3.8,4.5,1.2,1.0
INDOCO,Indoco Remedies Limited,2,3.3,1.2,1.0,1.8
ALEMBICLTD,Alembic Limited,4,3.7,2.7,2.5,4.0
ICIL,Indo Count Industries Limited,3,3.0,4.0,1.9,1.6
SHARDACROP,Sharda Cropchem Limited,4,3.8,4.0,4.4,3.0
TATAMETALI,Tata Metaliks Limited,4,3.8,3.1,5.0,3.6
BSE,BSE Limited,3,2.2,2.5,3.8,0.5
UJJIVAN,Ujjivan Financial Services Limited,3,2.6,2.9,0.0,2.5
JKPAPER,JK Paper Limited,4,3.0,3.4,5.0,4.0
GPIL,Godawari Power And Ispat limited,4,2.0,3.2,4.0,3.8
GUJALKALI,Gujarat Alkalies and Chemicals Limited,4,3.0,3.1,3.1,2.9
HERANBA,Heranba Industries Limited,5,3.3,5.0,5.0,4.6
LAOPALA,La Opala RG Limited,4,3.8,3.7,4.4,3.3
RUPA,Rupa & Company Limited,4,3.0,4.0,4.4,3.8
RAYMOND,Raymond Limited,3,3.5,4.0,1.5,2.8
MINDACORP,Minda Corporation Limited,3,3.8,4.5,1.2,1.8
HCG,Healthcare Global Enterprises Limited,3,3.7,4.5,0.4,1.1
ANGELBRKG,Angel Broking Limited,4,2.8,0.0,5.0,4.5
JINDALSAW,Jindal Saw Limited,4,3.8,3.7,1.9,4.1
KIRLOSENG,Kirloskar Oil Engines Limited,4,3.3,4.0,3.1,2.5
SHOPERSTOP,Shoppers Stop Limited,3,3.5,3.2,1.6,0.8
DEN,Den Networks Limited,3,3.3,1.7,0.0,3.8
DEEPAKFERT,Deepak Fertilizers and Petrochemicals Corporation Limited,2,1.8,3.7,1.0,1.1
BEPL,Bhansali Engineering Polymers Limited,4,2.6,2.7,5.0,4.3
FRETAIL,Future Retail Limited,2,0.9,4.0,1.9,0.8
PTC,PTC India Limited,3,3.0,4.0,1.9,2.8
HIL,HIL Limited,4,3.0,3.1,3.1,3.1
IFCI,IFCI Limited,3,3.8,4.0,0.0,1.3
RELIGARE,Religare Enterprises Limited,2,2.0,4.0,0.0,0.0
GREENLAM,Greenlam Industries Limited,4,3.3,3.7,4.0,4.1
SCHNEIDER,Schneider Electric Infrastructure Limited,3,3.0,4.7,0.4,1.7
EASEMYTRIP,Easy Trip Planners Limited,5,4.3,5.0,5.0,3.0
TATACOFFEE,Tata Coffee Limited,3,3.0,0.0,1.9,3.7
JPPOWER,Jaiprakash Power Ventures Limited,2,1.5,4.5,0.0,1.0
RAMCOIND,Ramco Industries Limited,3,2.7,2.8,2.5,2.8
GDL,Gateway Distriparks Limited,3,3.5,3.1,1.5,1.6
BALMLAWRIE,Balmer Lawrie & Company Limited,3,2.0,2.8,3.5,2.3
MATRIMONY,Matrimony.Com Limited,4,3.1,1.4,5.0,3.3
VENKEYS,Venky's (India) Limited,4,2.6,4.5,4.4,1.1
UNICHEMLAB,Unichem Laboratories Limited,4,3.3,4.2,5.0,0.8
GHCL,GHCL Limited,3,2.2,0.7,4.0,2.3
INGERRAND,Ingersoll Rand (India) Limited,3,3.5,1.8,3.1,2.8
SUVIDHAA,Suvidhaa Infoserve Limited,3,1.5,5.0,2.1,1.0
GRSE,Garden Reach Shipbuilders & Engineers Limited,3,3.8,0.0,3.1,3.3
HUHTAMAKI,Huhtamaki India Limited,4,3.7,1.8,4.0,4.0
REPCOHOME,Repco Home Finance Limited,4,3.3,3.5,3.8,3.3
MSTCLTD,Mstc Limited,2,3.5,0.0,0.6,3.8
VRLLOG,VRL Logistics Limited,4,4.0,3.4,4.4,2.7
GREENPLY,Greenply Industries Limited,3,3.6,1.4,2.5,2.0
JTEKTINDIA,Jtekt India Limited,3,3.5,2.9,2.5,2.3
MARKSANS,Marksans Pharma Limited,4,2.6,4.0,1.5,4.8
TRIVENI,Triveni Engineering & Industries Limited,4,3.5,4.0,4.0,3.6
ATFL,Agro Tech Foods Limited,3,3.3,2.8,1.9,3.0
SUBROS,Subros Limited,4,3.0,3.7,3.1,3.8
NEOGEN,Neogen Chemicals Limited,4,4.0,0.0,5.0,3.0
AHLUCONT,Ahluwalia Contracts (India) Limited,4,2.9,3.2,4.4,2.3
ORIENTCEM,Orient Cement Limited,3,2.3,4.0,1.2,3.1
SUBEXLTD,Subex Limited,2,1.5,3.9,0.0,1.0
JBMA,JBM Auto Limited,4,3.0,4.0,4.0,3.3
BANARISUG,Bannari Amman Sugars Limited,3,2.6,3.4,1.5,2.0
NEWGEN,Newgen Software Technologies Limited,4,3.8,2.6,4.4,3.3
BECTORFOOD,Mrs. Bectors Food Specialities Limited,4,3.0,5.0,2.5,2.3
TCI,Transport Corporation of India Limited,4,3.3,2.8,4.0,4.3
OAL,Oriental Aromatics Limited,4,3.0,3.4,3.1,4.6
ASTEC,Astec LifeSciences Limited,5,3.8,3.4,5.0,4.6
GREENPANEL,Greenpanel Industries Limited,3,3.3,0.0,1.5,4.5
SHIL,Somany Home Innovation Limited,1,3.0,0.0,0.0,0.8
NIITLTD,NIIT Limited,4,2.8,3.7,5.0,4.0
EVEREADY,Eveready Industries India Limited,4,0.7,4.0,5.0,3.5
VESUVIUS,Vesuvius India Limited,3,3.3,1.1,3.1,2.5
RENUKA,Shree Renuka Sugars Limited,2,2.8,3.7,0.0,0.0
HGINFRA,H.G. Infra Engineering Limited,4,4.0,2.6,5.0,3.3
GEPIL,GE Power India Limited,4,3.8,3.1,2.5,4.0
BOROLTD,Borosil Limited,3,2.5,5.0,0.0,2.3
KIRLOSBROS,Kirloskar Brothers Limited,4,3.8,4.0,1.9,3.8
KTKBANK,The Karnataka Bank Limited,3,3.8,2.5,2.7,0.8
SURYAROSNI,Surya Roshni Limited,3,2.7,4.0,2.5,2.4
DAAWAT,LT Foods Limited,3,2.6,4.0,1.9,3.3
MAYURUNIQ,Mayur Uniquoters Ltd,4,3.7,4.0,4.4,2.5
THOMASCOOK,Thomas Cook  (India)  Limited,3,3.8,4.5,2.5,1.1
MAHSEAMLES,Maharashtra Seamless Limited,3,3.5,4.2,1.2,2.1
NAVNETEDUL,Navneet Education Limited,5,3.8,4.0,5.0,3.4
DFMFOODS,DFM Foods Limited,4,3.0,3.1,5.0,3.0
APARINDS,Apar Industries Limited,4,4.0,3.4,3.5,1.6
SOMANYCERA,Somany Ceramics Limited,3,3.3,3.2,1.5,1.1
CAMLINFINE,Camlin Fine Sciences Limited,3,2.2,3.4,1.2,4.1
ADFFOODS,ADF Foods Limited,4,2.5,2.6,3.1,4.0
OLECTRA,Olectra Greentech Limited,3,2.1,3.2,1.0,2.1
SHRIPISTON,Shriram Pistons & Rings Limited,3,3.3,2.9,3.1,2.5
HIKAL,Hikal Limited,4,3.5,3.4,2.5,3.0
GMDCLTD,Gujarat Mineral Development Corporation Limited,3,3.0,4.0,1.5,2.5
ACE,Action Construction Equipment Limited,4,2.5,4.0,3.1,4.6
PILANIINVS,Pilani Investment and Industries Corporation Limited,4,2.6,3.5,1.3,5.0
HSCL,Himadri Speciality Chemical Limited,3,2.1,3.2,3.1,2.1
PDSMFL,PDS Multinational Fashions Limited,3,3.0,2.7,1.0,4.5
KOLTEPATIL,Kolte - Patil Developers Limited,3,3.5,3.1,1.9,2.5
PFOCUS,Prime Focus Limited,3,3.3,4.0,1.0,3.5
DCAL,Dishman Carbogen Amcis Limited,3,2.8,4.0,1.0,1.9
ARVIND,Arvind Limited,3,3.0,4.0,1.5,3.3
DISHTV,Dish TV India Limited,2,0.8,4.5,0.0,0.8
JPASSOCIAT,Jaiprakash Associates Limited,3,1.1,4.5,0.4,2.3
TINPLATE,The Tinplate Company of India Limited,4,3.0,3.7,3.1,5.0
SAGCEM,Sagar Cements Limited,4,3.5,4.0,1.2,3.9
RKFORGE,Ramkrishna Forgings Limited,3,3.0,2.0,2.5,1.1
PSPPROJECT,PSP Projects Limited,4,3.5,1.8,5.0,4.8
PURVA,Puravankara Limited,2,3.8,1.7,1.2,1.1
AMRUTANJAN,Amrutanjan Health Care Limited,3,3.0,0.6,4.4,3.1
JAGRAN,Jagran Prakashan Limited,4,3.0,4.0,4.4,2.3
INEOSSTYRO,INEOS Styrolution India Limited,3,3.5,3.7,1.0,1.0
HESTERBIO,Hester Biosciences Limited,4,2.6,2.6,5.0,3.3
RAMCOSYS,Ramco Systems Limited,3,2.8,4.0,1.5,2.5
WELENT,Welspun Enterprises Limited,4,2.5,4.0,1.9,4.8
ANANTRAJ,Anant Raj Limited,3,3.5,2.6,1.0,2.0
AUTOAXLES,Automotive Axles Limited,4,3.8,3.1,4.4,2.3
WSTCSTPAPR,West Coast Paper Mills Limited,4,3.5,3.1,5.0,4.0
SWARAJENG,Swaraj Engines Limited,4,2.8,2.8,5.0,3.0
TVTODAY,TV Today Network Limited,4,3.3,4.0,4.4,3.5
SHK,S H Kelkar and Company Limited,3,3.0,3.4,1.9,2.2
DBCORP,D.B.Corp Limited,4,2.6,4.0,4.4,2.3
MAITHANALL,Maithan Alloys Limited,4,3.0,2.8,5.0,4.3
FMGOETZE,Federal-Mogul Goetze (India) Limited.,3,2.5,1.7,1.9,2.5
WABAG,VA Tech Wabag Limited,3,2.7,4.0,2.5,1.6
VSTTILLERS,V.S.T Tillers Tractors Limited,3,3.3,2.1,2.5,2.5
INOXWIND,Inox Wind Limited,2,2.5,4.5,0.0,0.8
DALMIASUG,Dalmia Bharat Sugar and Industries Limited,4,3.0,4.0,2.5,2.6
JAICORPLTD,Jai Corp Limited,3,3.5,2.8,1.0,3.1
SARDAEN,Sarda Energy & Minerals Limited,4,3.0,4.0,3.1,4.3
TIDEWATER,Tide Water Oil Company (India) Limited,4,3.3,2.8,4.4,2.7
LUMAXIND,Lumax Industries Limited,4,3.0,3.1,5.0,3.5
SOUTHBANK,The South Indian Bank Limited,2,3.8,2.5,0.5,0.8
CHEMCON,Chemcon Speciality Chemicals Limited,5,3.0,5.0,5.0,4.8
STOVEKRAFT,Stove Kraft Limited,3,3.1,5.0,0.6,2.3
CHENNPETRO,Chennai Petroleum Corporation Limited,3,3.5,4.2,0.0,0.5
GABRIEL,Gabriel India Limited,4,3.5,3.4,4.4,2.6
ORISSAMINE,The Orissa Minerals Development Company Limited,2,3.3,3.5,0.0,0.0
TEJASNET,Tejas Networks Limited,2,2.3,0.0,0.4,2.5
FILATEX,Filatex India Limited,4,2.0,3.7,4.0,3.8
JKIL,J.Kumar Infraprojects Limited,4,2.8,4.0,2.5,4.2
BOMDYEING,Bombay Dyeing & Mfg Company Limited,3,2.6,2.7,5.0,1.5
MOREPENLAB,Morepen Laboratories Limited,4,2.3,4.0,2.1,3.6
HMT,HMT Limited,4,3.0,4.0,4.6,3.7
HIMATSEIDE,Himatsingka Seide Limited,4,3.3,4.0,3.4,1.5
IIFLSEC,IIFL Securities Limited,3,3.2,0.0,5.0,0.0
KIRIINDUS,Kiri Industries Limited,3,3.0,1.3,3.4,2.3
NUCLEUS,Nucleus Software Exports Limited,5,3.5,3.7,4.4,4.5
KSL,Kalyani Steels Limited,4,3.5,3.1,4.0,2.5
DIAMONDYD,Prataap Snacks Limited,3,3.8,1.7,1.9,3.1
SOTL,Savita Oil Technologies Limited,4,3.8,2.8,3.5,3.1
ARVINDFASN,Arvind Fashions Limited,3,3.5,3.9,1.0,1.8
CAPACITE,Capacit'e Infraprojects Limited,4,2.6,2.8,3.1,3.6
TIMETECHNO,Time Technoplast Limited,3,3.0,4.0,1.9,2.5
HERITGFOOD,Heritage Foods Limited,3,3.0,4.2,0.4,1.0
RSYSTEMS,R Systems International Limited,3,2.6,0.2,4.4,4.6
TVSSRICHAK,TVS Srichakra Limited,4,3.0,3.4,4.0,2.2
SAFARI,Safari Industries (India) Limited,4,2.8,2.8,3.1,4.8
ASHIANA,Ashiana Housing Limited,3,3.8,4.5,1.0,0.8
GTPL,GTPL Hathway Limited,4,3.8,3.1,1.9,3.3
ITDCEM,ITD Cementation India Limited,3,3.6,4.0,2.5,1.1
SASKEN,Sasken Technologies Limited,4,3.5,2.7,3.1,3.2
DOLLAR,Dollar Industries Limited,4,3.0,2.8,4.4,3.0
APOLLOPIPE,Apollo Pipes Limited,4,3.3,3.1,3.4,4.3
INDIAGLYCO,India Glycols Limited,3,2.0,2.8,3.1,3.6
GANECOS,Ganesha Ecosphere Limited,4,3.5,3.7,4.0,4.1
HINDOILEXP,Hindustan Oil Exploration Company Limited,4,1.5,4.0,5.0,5.0
ACCELYA,Accelya Solutions India Limited,4,3.0,2.5,5.0,2.7
PRAKASH,Prakash Industries Limited,3,1.1,4.0,2.5,2.4
IGPL,IG Petrochemicals Limited,3,3.0,2.4,4.4,2.0
PCJEWELLER,PC Jeweller Limited,3,2.8,4.0,1.6,1.1
JMCPROJECT,JMC Projects (India)  Limited,4,3.8,3.4,3.1,2.7
RTNPOWER,RattanIndia Power Limited,3,2.5,2.0,0.6,3.1
GATI,GATI Limited,2,2.3,3.9,0.4,0.8
OMAXE,Omaxe Limited,2,2.8,3.1,0.6,1.1
GENUSPOWER,Genus Power Infrastructures Limited,4,3.0,4.0,1.9,4.3
SANDHAR,Sandhar Technologies Limited,3,4.0,0.0,3.1,3.4
PSB,Punjab & Sind Bank,2,2.5,3.9,0.0,0.8
JSWISPL,JSW Ispat Special Products Limited,3,3.1,3.5,0.0,3.0
NBVENTURES,Nava Bharat Ventures Limited,3,2.1,4.0,1.2,3.8
CONFIPET,Confidence Petroleum India Limited,4,2.9,3.4,3.5,4.8
IMFA,Indian Metals & Ferro Alloys Limited,3,2.6,4.5,1.2,0.8
RPOWER,Reliance Power Limited,2,1.3,4.5,0.0,1.0
HCC,Hindustan Construction Company Limited,2,2.3,4.5,0.0,0.3
DHAMPURSUG,Dhampur Sugar Mills Limited,3,2.3,4.0,3.4,1.6
CARERATING,CARE Ratings Limited,4,2.6,3.4,5.0,4.0
3IINFOTECH,3i Infotech Limited,3,2.3,3.4,4.0,1.6
KIRLOSIND,Kirloskar Industries Limited,4,3.8,3.7,1.0,5.0
GEOJITFSL,Geojit Financial Services Limited,4,2.5,3.5,3.8,3.0
QUICKHEAL,Quick Heal Technologies Limited,3,3.0,4.0,3.1,1.8
MMFL,MM Forgings Limited,4,3.3,3.4,3.4,2.1
FCONSUMER,Future Consumer Limited,2,1.2,4.5,0.0,1.8
MTNL,Mahanagar Telephone Nigam Limited,2,3.5,3.7,0.0,0.0
CENTRUM,Centrum Capital Limited,4,1.3,3.5,5.0,2.5
MUKANDLTD,Mukand Limited,3,3.0,4.5,0.4,0.5
SHARDAMOTR,Sharda Motor Industries Limited,4,3.0,4.0,5.0,2.5
PFS,PTC India Financial Services Limited,2,3.0,2.0,0.5,0.0
DIGISPICE,DiGiSPICE Technologies Limited,3,2.5,4.5,0.0,1.3
SUNDARMHLD,Sundaram Finance Holdings Limited,4,3.0,2.5,3.0,5.0
GIPCL,Gujarat Industries Power Company Limited,3,3.3,2.8,1.9,2.8
DPSCLTD,DPSC Limited,3,2.1,4.0,1.0,1.3
IFGLEXPOR,IFGL Refractories Limited,3,3.8,2.8,1.2,2.8
SUNFLAG,Sunflag Iron And Steel Company Limited,3,2.6,3.1,3.1,3.0
COSMOFILMS,Cosmo Films Limited,3,2.5,2.8,2.5,2.8
ASTRAMICRO,Astra Microwave Products Limited,3,1.5,4.0,1.9,4.0
NXTDIGITAL,NXTDIGITAL LIMITED,3,3.8,3.5,0.0,1.3
SEAMECLTD,Seamec Limited,4,3.0,3.2,4.4,5.0
VOLTAMP,Voltamp Transformers Limited,4,3.6,2.8,3.1,3.5
LUMAXTECH,Lumax Auto Technologies Limited,4,3.3,4.0,3.1,4.8
BODALCHEM,Bodal Chemicals Limited,4,2.6,3.4,4.4,2.3
PANACEABIO,Panacea Biotec Limited,2,2.0,4.2,0.4,0.8
MOLDTKPAC,Mold-Tek Packaging Limited,4,2.9,2.8,4.0,3.6
SSWL,Steel Strips Wheels Limited,2,2.0,2.1,2.5,1.0
WHEELS,Wheels India Limited,3,3.5,3.4,2.5,1.3
SHALBY,Shalby Limited,3,3.0,2.8,1.2,2.8
WONDERLA,Wonderla Holidays Limited,3,4,3,3,3
JETAIRWAYS,Jet Airways (India) Limited,2,2.7,3.0,0.4,0.0
ELECTCAST,Electrosteel Castings Limited,3,2.8,3.7,0.4,1.9
GOCLCORP,GOCL Corporation Limited,2,3.0,2.0,1.0,1.6
KCP,KCP Limited,3,2.1,4.5,1.5,0.7
PUNJABCHEM,Punjab Chemicals & Crop Protection Limited,3,2.3,1.4,4.4,3.6
SADBHAV,Sadbhav Engineering Limited,3,2.3,4.0,1.9,1.1
KKCL,Kewal Kiran Clothing Limited,4,3.8,4.0,4.4,2.5
SANGHIIND,Sanghi Industries Limited,3,2.0,4.0,1.2,1.1
YAARII,Yaarii Digital Integrated Services Limited,3,3.3,3.5,0.4,0.8
VIDHIING,Vidhi Specialty Food Ingredients Limited,4,3.0,3.7,5.0,4.0
EXCELINDUS,Excel Industries Limited,4,3.0,3.4,5.0,4.3
NRBBEARING,NRB Bearing Limited,4,3.8,3.2,4.0,1.8
SMSPHARMA,SMS Pharmaceuticals Limited,3,2.3,4.0,3.1,2.3
OPTIEMUS,Optiemus Infracom Limited,2,2.0,4.5,0.4,0.8
DREDGECORP,Dredging Corporation of India Limited,3,3.5,3.4,1.0,1.4
BFINVEST,BF Investment Limited,3,3.0,1.5,2.3,5.0
MANINFRA,Man Infraconstruction Limited,4,3.2,3.7,2.5,2.8
GALLISPAT,Gallantt Ispat Limited,4,3.0,4.0,2.5,4.1
SESHAPAPER,Seshasayee Paper and Boards Limited,4,3.3,2.8,5.0,3.3
MANALIPETC,Manali Petrochemicals Limited,4,2.6,4.0,3.1,2.5
BLISSGVS,Bliss GVS Pharma Limited,4,3.0,3.4,3.1,3.8
TNPL,Tamil Nadu Newsprint & Papers Limited,3,3.3,3.4,1.2,1.0
USHAMART,Usha Martin Limited,3,1.5,3.0,3.1,3.8
INDORAMA,Indo Rama Synthetics (India) Limited,2,2.5,3.8,0.0,0.3
BANCOINDIA,Banco Products (I) Limited,4,3.0,3.4,4.4,2.5
KESORAMIND,Kesoram Industries Limited,2,1.8,3.5,0.0,0.0
GTLINFRA,GTL Infrastructure Limited,3,1.5,5.0,0.0,1.5
HSIL,HSIL Limited,3,3.7,4.0,1.0,1.6
BUTTERFLY,Butterfly Gandhimathi Appliances Limited,3,3.5,3.4,1.2,3.4
FLFL,Future Lifestyle Fashions Limited,3,2.0,4.5,1.6,1.3
INSECTICID,Insecticides (India) Limited,4,3.8,3.1,4.0,3.6
SHANTIGEAR,Shanthi Gears Limited,3,3.5,2.8,1.9,3.3
FAIRCHEMOR,Fairchem Organics Limited,3,3.0,5.0,0.0,2.3
ESTER,Ester Industries Limited,4,2.7,4.0,3.1,4.3
VINDHYATEL,Vindhya Telelinks Limited,4,3.0,4.0,5.0,3.8
HONDAPOWER,Honda India Power Products Limited,4,3.8,2.8,3.1,3.1
JINDWORLD,Jindal Worldwide Limited,3,2.7,3.1,2.5,3.3
TIIL,Technocraft Industries (India) Limited,4,3.0,4.0,2.5,3.1
LGBBROSLTD,LG Balakrishnan & Bros Limited,4,3.3,4.0,4.0,3.8
SHAKTIPUMP,Shakti Pumps (India) Limited,3,2.6,4.5,1.6,0.8
BLS,BLS International Services Limited,5,3.2,4.0,5.0,4.8
SHANKARA,Shankara Building Products Limited,4,3.3,3.4,1.9,3.4
PRABHAT,Prabhat Dairy Limited,2,2.3,3.2,0.0,1.0
APCOTEXIND,Apcotex Industries Limited,3,2.8,1.4,3.1,2.6
BFUTILITIE,BF Utilities Limited,3,2.6,2.0,2.5,3.1
HBLPOWER,HBL Power Systems Limited,3,3.5,4.0,1.2,1.6
RELINFRA,Reliance Infrastructure Limited,3,1.3,4.0,1.2,1.6
ONMOBILE,OnMobile Global Limited,3,2.1,4.5,1.0,2.5
OCCL,Oriental Carbon & Chemicals Limited,4,3.3,2.8,4.0,3.3
GLOBUSSPR,Globus Spirits Limited,3,2.6,3.4,1.9,4.0
JISLJALEQS,Jain Irrigation Systems Limited,2,1.4,4.5,0.4,0.8
ASHAPURMIN,Ashapura Minechem Limited,3,2.5,4.2,0.0,3.0
SUVEN,Suven Life Sciences Limited,3,3.0,3.5,1.9,0.8
RPSGVENT,RPSG VENTURES LIMITED,2,3.3,0.0,1.0,1.0
TEXINFRA,Texmaco Infrastructure & Holdings Limited,3,2.7,2.5,1.0,2.0
GUFICBIO,Gufic Biosciences Limited,4,3.5,3.7,5.0,3.7
PARAGMILK,Parag Milk Foods Limited,4,3.3,3.4,3.1,4.0
CIGNITITEC,Cigniti Technologies Limited,4,1.8,1.7,5.0,4.1
SHREDIGCEM,Shree Digvijay Cement Co.Ltd,3,2.1,2.0,3.5,4.3
EKC,Everest Kanto Cylinder Limited,3,3.0,3.4,3.4,2.1
PANAMAPET,Panama Petrochem Limited,3,2.5,3.4,3.1,1.8
TIRUMALCHM,Thirumalai Chemicals Limited,4,2.8,3.2,4.4,2.0
SIYSIL,Siyaram Silk Mills Limited,4,3.8,3.4,3.1,2.2
ANDHRAPAP,ANDHRA PAPER LIMITED,4,2.8,4.0,5.0,4.0
PNBGILTS,PNB Gilts Limited,3,3.0,2.9,0.8,3.0
ARSHIYA,Arshiya Limited,2,1.1,4.5,0.0,1.5
SIRCA,Sirca Paints India Limited,4,3.5,0.0,5.0,4.6
POWERMECH,Power Mech Projects Limited,4,4.0,4.0,3.1,4.3
CLNINDIA,Clariant Chemicals (India) Limited,4,2.6,4.0,1.2,4.2
IGARASHI,Igarashi Motors India Limited,4,3.0,3.4,4.4,2.2
TARC,Anant Raj Global Limited,3,3.7,5.0,0.0,1.1
MANGCHEFER,Mangalore Chemicals & Fertilizers Limited,3,2.0,3.7,2.1,2.3
PRICOLLTD,Pricol Limited,2,3.0,3.3,0.0,0.8
IMPAL,India Motor Parts and Accessories Limited,3,3.0,2.7,1.0,3.5
RANEHOLDIN,Rane Holdings Limited,4,3.5,3.5,3.8,1.3
SHAREINDIA,Share India Securities Limited,4,2.6,2.5,5.0,2.5
MPSLTD,MPS Limited,3,3.5,0.7,4.4,2.8
INDNIPPON,India Nippon Electricals Limited,4,3.0,2.8,4.4,4.2
INDIANHUME,Indian Hume Pipe Company Limited,4,3.0,4.0,4.0,1.3
MAXVIL,Max Ventures and Industries Limited,4,3.6,1.4,3.3,5.0
ACRYSIL,Acrysil Limited,4,3.0,4.0,1.9,4.0
POKARNA,Pokarna Limited,3,3.0,4.2,1.2,0.8
SATIA,Satia Industries Limited,4,2.8,0.0,5.0,4.3
RADIOCITY,Music Broadcast Limited,3,3.5,3.4,1.9,2.2
MARINE,Marine Electricals (India) Limited,3,3.0,1.4,2.5,1.6
SRIPIPES,Srikalahasthi Pipes Limited,4,3.3,4.0,2.5,3.1
THANGAMAYL,Thangamayil Jewellery Limited,4,3.0,3.4,4.0,3.5
GFLLIMITED,GFL Limited,3,3.5,3.4,3.4,1.0
RAJRATAN,Rajratan Global Wire Limited,4,3.7,3.4,3.1,4.3
PGEL,PG Electroplast Limited,3,2.5,4.0,1.2,1.8
ANDHRSUGAR,The Andhra Sugars Limited,4,1.8,3.4,4.0,3.7
VISAKAIND,Visaka Industries Limited,3,2.3,2.0,3.1,3.7
SMCGLOBAL,SMC Global Securities Limited,4,3.2,5.0,2.3,3.0
NCLIND,NCL Industries Limited,3,2.5,4.0,2.5,2.5
GMBREW,GM Breweries Limited,4,3.0,2.1,4.4,2.8
ASALCBR,Associated Alcohols & Breweries Ltd.,4,2.6,3.4,5.0,4.8
APTECHT,Aptech Limited,2,2.5,2.5,0.0,1.0
GOLDIAM,Goldiam International Limited,3,3.0,1.4,1.5,4.0
EMAMIPAP,Emami Paper Mills Limited,3,3.5,4.2,1.5,0.3
MANGLMCEM,Mangalam Cement Limited,3,2.6,3.7,1.2,3.3
KARDA,Karda Constructions Limited,3,3.0,2.0,4.0,1.3
NACLIND,NACL Industries Limited,2,3.0,1.4,1.2,1.6
SNOWMAN,Snowman Logistics Limited,3,2.6,3.9,0.4,1.1
FIEMIND,Fiem Industries Limited,4,3.5,4.0,3.1,4.3
GNA,GNA Axles Limited,4,3.1,3.4,4.0,4.8
FOSECOIND,Foseco India Limited,3,3.0,0.7,4.4,2.5
FCL,Fineotex Chemical Limited,4,3.7,3.4,3.1,4.6
XCHANGING,Xchanging Solutions Limited,3,3.0,2.7,1.9,4.0
TEXRAIL,Texmaco Rail & Engineering Limited,3,3.2,4.5,0.4,1.6
EIHAHOTELS,EIH Associated Hotels Limited,4,3.8,2.8,3.1,2.5
ELECON,Elecon Engineering Company Limited,3,1.9,4.0,1.2,2.6
KINGFA,Kingfa Science & Technology (India) Limited,4,3.5,4.0,1.9,4.5
AARTISURF,Aarti Surfactants Limited,3,2.6,5.0,0.0,1.1
STERTOOLS,Sterling Tools Limited,4,3.5,2.9,4.4,2.3
BAJAJHIND,Bajaj Hindusthan Sugar Limited,2,2.0,4.5,0.4,1.0
TTKHLTCARE,TTK Healthcare Limited,3,3.0,3.2,1.9,2.6
KELLTONTEC,Kellton Tech Solutions Limited,3,1.9,4.0,1.9,3.6
ENIL,Entertainment Network (India) Limited,3,3.8,3.4,1.2,1.8
SADBHIN,Sadbhav Infrastructure Project Limited,4,3.0,4.0,2.5,3.5
BHAGERIA,Bhageria Industries Limited,4,3.2,2.8,4.4,2.9
KICL,Kalyani Investment Company Limited,4,3.0,3.5,1.3,5.0
AVTNPL,AVT Natural Products Limited,3,3.0,2.8,2.5,3.4
TAJGVK,Taj GVK Hotels & Resorts Limited,3,3.5,3.4,1.2,3.3
AWHCL,Antony Waste Handling Cell Limited,3,3.6,5.0,0.6,1.8
DCW,DCW Limited,3,2.5,4.5,0.4,1.0
DATAMATICS,Datamatics Global Services Limited,3,3.0,4.0,1.5,3.3
JAYNECOIND,Jayaswal Neco Industries Limited,2,2.3,5.0,0.0,0.5
TAKE,Take Solutions Limited,3,2.6,3.7,1.0,3.7
KITEX,Kitex Garments Limited,4,2.6,4.0,4.4,3.1
SMLISUZU,SML Isuzu Limited,3,2.6,4.5,0.4,0.8
APEX,Apex Frozen Foods Limited,4,3.5,2.5,5.0,4.0
VADILALIND,Vadilal Industries Limited,4,3.0,3.7,4.6,3.4
SUTLEJTEX,Sutlej Textiles and Industries Limited,3,2.7,2.0,1.5,1.8
RPGLIFE,RPG Life Sciences Limited,4,3.0,4.0,2.5,3.4
5PAISA,5Paisa Capital Limited,2,2.5,0.0,0.0,5.0
SPENCERS,Spencer's Retail Limited,2,3.0,2.5,0.0,0.8
BBL,Bharat Bijlee Limited,4,3.0,4.0,1.5,4.0
WENDT,Wendt (India) Limited,3,2.5,2.5,2.5,2.5
LIKHITHA,Likhitha Infrastructure Limited,4,3.0,5.0,5.0,2.8
CEREBRAINT,Cerebra Integrated Technologies Limited,3,2.5,3.3,1.2,3.5
GICHSGFIN,GIC Housing Finance Limited,3,3.0,3.1,2.0,0.8
SKIPPER,Skipper Limited,4,3.8,4.0,3.1,1.1
GRAVITA,Gravita India Limited,4,3.2,4.0,4.0,2.3
RBL,Rane Brake Lining Limited,4,3.7,3.1,4.4,2.3
CANTABIL,Cantabil Retail India Limited,4,3.2,1.8,4.0,4.1
ZENTEC,Zen Technologies Limited,4,3.0,4.0,4.0,4.8
TIPSINDLTD,TIPS Industries Limited,4,3.0,2.6,1.9,4.8
MUTHOOTCAP,Muthoot Capital Services Limited,4,3.8,3.1,3.8,5.0
NURECA,Nureca Limited,5,4.3,5.0,5.0,2.3
DYNAMATECH,Dynamatic Technologies Limited,2,2.6,4.5,0.0,0.7
PLASTIBLEN,Plastiblends India Limited,3,3.2,2.8,2.5,2.8
SPIC,Southern Petrochemicals Industries Corporation  Limited,4,2.6,4.0,2.5,3.3
UNIENTER,Uniphos Enterprises Limited,3,4.0,3.0,0.0,3.5
DYNPRO,Dynemic Products Limited,4,1.8,2.7,4.4,4.3
ALICON,Alicon Castalloy Limited,3,3.0,3.4,3.1,1.1
KUANTUM,Kuantum Papers Limited,4,3.0,3.7,2.5,2.8
DBREALTY,D B Realty Limited,2,2.0,3.5,0.0,0.8
SUMMITSEC,Summit Securities Limited,4,3.0,3.5,3.3,5.0
ANUP,The Anup Engineering Limited,2,3.5,0.0,1.6,2.5
DECCANCE,Deccan Cements Limited,4,3.0,4.0,3.1,3.0
DWARKESH,Dwarikesh Sugar Industries Limited,3,2.6,3.1,4.0,1.9
BALAJITELE,Balaji Telefilms Limited,4,3.0,4.0,1.2,3.8
HARITASEAT,Harita Seating Systems Limited,3,3.0,1.7,4.0,1.3
NATHBIOGEN,Nath Bio-Genes (India) Limited,3,1.8,4.0,1.5,4.6
KABRAEXTRU,Kabra Extrusion Technik Limited,3,2.8,1.7,1.5,2.3
VSSL,Vardhman Special Steels Limited,2,3.7,1.7,1.2,1.1
VHL,Vardhman Holdings Limited,3,3.0,3.1,3.3,0.0
NELCAST,Nelcast Limited,3,3.0,3.1,1.9,2.3
MUNJALSHOW,Munjal Showa Limited,3,3.0,3.4,2.5,2.5
RGL,Renaissance Global Limited,3,2.5,2.4,1.5,2.5
CENTENKA,Century Enka Limited,3,2.4,4.0,1.9,2.9
KOKUYOCMLN,Kokuyo Camlin Limited,3,3.0,4.0,1.2,2.6
RIIL,Reliance Industrial Infrastructure Limited,2,2.6,2.8,1.0,1.0
MIRZAINT,Mirza International Limited,3,2.5,3.4,2.5,2.1
PATELENG,Patel Engineering Limited,2,1.8,2.9,1.2,1.1
NSIL,Nalwa Sons Investments Limited,4,3.0,3.5,1.3,5.0
EXPLEOSOL,Expleo Solutions Limited,4,2.6,4.0,5.0,3.9
MUNJALAU,Munjal Auto Industries Limited,3,3.0,2.0,1.9,1.6
RAMKY,Ramky Infrastructure Limited,2,2.3,2.0,2.5,0.8
APCL,Anjani Portland Cement Limited,4,3.0,3.7,3.1,2.8
UNIDT,United Drilling Tools Limited,4,3.0,3.3,5.0,4.3
TWL,Titagarh Wagons Limited,3,2.8,4.5,0.0,1.8
GAYAPROJ,Gayatri Projects Limited,3,1.8,4.5,1.6,1.3
EBIXFOREX,EBIXCASH WORLD MONEY INDIA LIMITED,3,3.0,2.5,3.8,2.5
SHALPAINTS,Shalimar Paints Limited,2,2.6,3.8,0.0,0.8
BALAXI,BALAXI PHARMACEUTICALS LIMITED,4,3.8,1.0,5.0,5.0
ORIENTPPR,Orient Paper & Industries Limited,3,3.0,3.1,1.2,2.0
ARMANFIN,Arman Financial Services Limited,4,1.5,2.7,3.8,5.0
RML,Rane (Madras) Limited,3,3.2,4.5,1.9,0.7
AMBIKCO,Ambika Cotton Mills Limited,3,2.6,3.4,3.1,2.5
SALASAR,Salasar Techno Engineering Limited,4,3.0,2.6,4.4,2.1
TFCILTD,Tourism Finance Corporation of India Limited,4,2.7,3.5,3.8,3.3
JAYBARMARU,Jay Bharat Maruti Limited,3,2.6,3.4,2.5,1.5
INDRAMEDCO,Indraprastha Medical Corporation Limited,4,2.6,3.4,3.1,4.0
DHFL,Dewan Housing Finance Corporation Limited,2,1.7,5.0,0.0,0.5
SANDESH,The Sandesh Limited,3,3.0,3.1,1.9,2.3
CENTUM,Centum Electronics Limited,3,3.0,3.2,1.9,1.9
SUULD,Suumaya Industries Limited,3,2.3,0.4,3.1,3.8
HTMEDIA,HT Media Limited,3,3.5,4.5,0.0,0.8
ALLSEC,Allsec Technologies Limited,3,3.0,3.1,1.9,3.3
NBIFIN,N. B. I. Industrial Finance Company Limited,2,3.2,3.1,1.3,0.0
RICOAUTO,Rico Auto Industries Limited,3,2.8,3.2,1.5,1.4
STEELXIND,STEEL EXCHANGE INDIA LIMITED,3,2.5,4.2,0.0,3.0
THEINVEST,The Investment Trust Of India Limited,3,3.0,4.0,0.0,2.5
RCOM,Reliance Communications Limited,2,1.5,5.0,0.0,0.0
MONTECARLO,Monte Carlo Fashions Limited,4,3.2,4.0,3.1,3.4
NAVKARCORP,Navkar Corporation Limited,3,3.2,4.0,1.0,2.4
BINDALAGRO,Oswal Chemicals & Fertilizers Limited,3,3.5,3.5,2.3,2.0
TDPOWERSYS,TD Power Systems Limited,4,3.5,3.7,1.0,3.8
MANINDS,Man Industries (India) Limited,3,2.3,2.8,1.9,3.1
KOPRAN,Kopran Limited,3,2.6,3.7,1.2,2.5
NITINSPIN,Nitin Spinners Limited,3,3.5,3.2,2.1,1.4
LINCOLN,Lincoln Pharmaceuticals Limited,4,2.5,3.7,4.4,4.1
EVERESTIND,Everest Industries Limited,4,2.6,3.4,2.5,3.7
PRECWIRE,Precision Wires India Limited,4,2.6,4.0,3.5,3.6
SATIN,Satin Creditcare Network Limited,4,2.7,3.5,3.0,5.0
STCINDIA,The State Trading Corporation of India Limited,3,3.0,4.7,3.0,0.5
ASIANTILES,Asian Granito India Limited,3,1.8,3.4,1.5,1.8
VISHWARAJ,Vishwaraj Sugar Industries Limited,2,2.3,2.5,0.4,0.8
HMVL,Hindustan Media Ventures Limited,4,3.8,4.0,1.9,2.3
RSWM,RSWM Limited,2,2.6,4.0,0.4,0.8
TNPETRO,Tamilnadu PetroProducts Limited,4,2.7,3.4,3.1,4.3
UNIVCABLES,Universal Cables Limited,4,3.0,4.0,4.0,3.8
SANGHVIMOV,Sanghvi Movers Limited,2,2.6,4.5,0.0,0.8
SORILINFRA,SORIL Infra Resources Limited,3,3.8,3.5,1.0,0.5
HITECH,Hi-Tech Pipes Limited,3,2.2,4.0,3.1,2.4
GULPOLY,Gulshan Polyols Limited,3,3.0,4.0,1.5,2.3
UNITECH,Unitech Limited,2,1.2,2.5,0.0,0.8
NELCO,NELCO Limited,3,3.0,0.7,5.0,2.5
V2RETAIL,V2 Retail Limited,3,3.0,3.4,1.9,1.6
INDSWFTLAB,Ind-Swift Laboratories Limited,3,2.3,4.2,1.2,1.7
REPRO,Repro India Limited,3,3.3,3.4,2.1,3.1
SHREEPUSHK,Shree Pushkar Chemicals & Fertilisers Limited,4,3.2,3.7,3.1,2.3
BCG,Brightcom Group Limited,2,1.3,4.5,0.4,1.6
AJMERA,Ajmera Realty & Infra India Limited,3,2.7,3.4,2.5,1.1
NECLIFE,Nectar Lifesciences Limited,3,2.6,3.4,1.2,1.6
BLKASHYAP,B. L. Kashyap and Sons Limited,3,2.0,4.5,1.2,0.8
RUSHIL,Rushil Decor Limited,3,1.8,4.0,2.5,1.5
TBZ,Tribhovandas Bhimji Zaveri Limited,3,3.0,4.0,1.2,1.5
THEJO,Thejo Engineering Limited,3,2.1,1.8,3.1,4.3
HEXATRADEX,Hexa Tradex Limited,3,4.0,3.5,0.0,1.3
JAYAGROGN,Jayant Agro Organics Limited,3,3.0,4.5,1.9,1.1
ADORWELD,Ador Welding Limited,4,3.5,3.4,1.9,3.4
PILITA,PIL ITALICA LIFESTYLE LIMITED,2,3.0,0.0,1.2,2.3
MADRASFERT,Madras Fertilizers Limited,2,3.0,4.7,0.0,0.0
ORIENTHOT,Oriental Hotels Limited,3,3.0,4.2,2.5,0.8
TCPLPACK,TCPL Packaging Limited,3,3.0,4.0,2.5,2.1
SRHHYPOLTD,Sree Rayalaseema Hi-Strength Hypo Limited,4,3.0,3.7,2.5,4.8
JAIBALAJI,Jai Balaji Industries Limited,3,1.6,4.6,0.0,2.2
NRAIL,N R Agarwal Industries Limited,5,3.0,3.7,5.0,4.3
KANORICHEM,Kanoria Chemicals & Industries Limited,3,3.0,4.5,0.4,1.1
MAHEPC,Mahindra EPC Irrigation Limited,4,2.1,3.7,1.9,4.3
CONTROLPR,Control Print Limited,4,3.3,2.8,4.4,3.3
SPAL,S. P. Apparels Limited,4,3.8,4.0,2.5,1.9
ATULAUTO,Atul Auto Limited,4,3.0,4.0,5.0,3.6
HINDCOMPOS,Hindustan Composites Limited,3,3.0,3.4,1.0,2.5
SHRIRAMEPC,Shriram EPC Limited,3,2.5,4.5,0.4,1.9
KAYA,Kaya Limited,2,2.1,4.5,0.0,1.0
ROSSELLIND,Rossell India Limited,4,3.5,4.0,1.2,4.2
ZUARI,Zuari Agro Chemicals Limited,2,2.0,3.5,0.6,0.0
ASAHISONG,Asahi Songwon Colors Limited,4,3.2,4.0,2.5,2.5
IFBAGRO,IFB Agro Industries Limited,3,3.0,3.4,1.5,2.7
SAKSOFT,Saksoft Limited,5,3.0,4.0,5.0,4.8
PRECAM,Precision Camshafts Limited,3,3.0,4.0,1.9,2.6
NAGAFERT,Nagarjuna Fertilizers and Chemicals Limited,2,1.6,3.2,0.0,0.0
NAHARSPING,Nahar Spinning Mills Limited,3,3.2,4.5,0.4,0.5
KAMDHENU,Kamdhenu Limited,2,3.0,2.0,1.9,1.0
DHANBANK,Dhanlaxmi Bank Limited,3,3.8,2.5,1.8,2.6
DLINKINDIA,D-Link (India) Limited,4,2.6,3.7,3.1,4.2
PARSVNATH,Parsvnath Developers Limited,3,2.0,4.5,0.0,1.8
SCHAND,S Chand And Company Limited,3,3.2,4.2,0.4,0.8
PGIL,Pearl Global Industries Limited,2,3.5,1.4,1.2,1.1
AVADHSUGAR,Avadh Sugar & Energy Limited,3,2.3,1.3,4.0,1.1
SASTASUNDR,Sastasundar Ventures Limited,3,3.0,1.4,1.3,2.5
TI,Tilaknagar Industries Limited,3,1.1,2.2,2.0,3.5
NDTV,New Delhi Television Limited,3,3.8,1.4,0.4,2.6
HLVLTD,HLV LIMITED,3,2.6,2.0,1.0,3.8
FEL,Future Enterprises Limited,2,1.2,4.5,0.4,0.7
DICIND,DIC India Limited,3,3.0,2.1,1.9,4.0
JASH,Jash Engineering Limited,3,2.5,1.6,2.5,4.0
VIMTALABS,Vimta Labs Limited,3,2.3,1.8,2.5,3.0
HERCULES,Hercules Hoists Limited,3,3.0,4.0,1.0,3.9
XELPMOC,Xelpmoc Design And Tech Limited,3,3.0,2.5,0.0,3.5
AKASH,Akash Infra-Projects Limited,2,3.0,0.0,1.0,1.1
GALLANTT,Gallantt Metal Limited,3,2.2,2.0,2.5,2.5
VIPULLTD,Vipul Limited,2,2.0,4.5,0.4,0.5
REPL,Rudrabhishek Enterprises Limited,3,3.2,0.0,4.4,3.3
SREEL,Sreeleathers Limited,4,3.2,2.8,1.9,4.8
GANDHITUBE,Gandhi Special Tubes Limited,4,3.0,2.5,4.4,2.5
INFOBEAN,InfoBeans Technologies Limited,3,3.0,0.6,4.4,3.9
UTTAMSUGAR,Uttam Sugar Mills Limited,3,2.0,3.7,3.4,1.6
DVL,Dhunseri Ventures Limited,3,3.0,1.1,1.0,3.5
ARVSMART,Arvind SmartSpaces Limited,3,2.3,2.6,2.5,2.4
ZOTA,Zota Health Care LImited,3,2.9,0.2,1.9,4.3
VENUSREM,Venus Remedies Limited,3,1.6,4.5,0.0,2.0
VISHNU,Vishnu Chemicals Limited,3,2.0,4.0,2.5,2.4
ZEELEARN,Zee Learn Limited,4,1.2,4.0,4.0,3.8
GOKEX,Gokaldas Exports Limited,3,3.0,3.2,1.2,2.8
KDDL,KDDL Limited,3,2.5,3.4,1.9,2.4
CYBERTECH,Cybertech Systems And Software Limited,3,1.8,3.4,1.5,2.8
URJA,Urja Global Limited,3,2.5,4.0,1.0,3.8
MANAKSIA,Manaksia Limited,4,3.0,3.4,5.0,4.2
VASCONEQ,Vascon Engineers Limited,3,1.1,4.0,1.0,4.3
BAFNAPH,Bafna Pharmaceuticals Limited,2,2.2,5.0,0.0,0.5
BIRLATYRE,Birla Tyres Limited,2,1.6,4.0,0.0,0.0
VERTOZ,Vertoz Advertising Limited,3,2.6,0.4,3.1,2.5
GENESYS,Genesys International Corporation Limited,3,2.7,3.4,1.5,3.6
HITECHGEAR,The Hi-Tech Gears Limited,3,2.8,3.2,2.5,2.8
SANGAMIND,Sangam (India) Limited,3,2.6,3.4,1.2,1.0
63MOONS,63 moons technologies limited,2,3.0,3.9,0.0,1.0
VLSFINANCE,VLS Finance Limited,3,2.6,3.5,2.3,3.3
BGRENERGY,BGR Energy Systems Limited,3,3.0,3.4,1.6,0.5
AURIONPRO,Aurionpro Solutions Limited,3,1.2,4.0,1.9,1.9
HPL,HPL Electric & Power Limited,3,3.2,4.0,1.2,1.1
UCALFUEL,Ucal Fuel Systems Limited,2,2.7,3.9,0.0,0.8
MIRCELECTR,MIRC Electronics Limited,3,1.6,4.5,1.0,1.6
SWELECTES,Swelect Energy Systems Limited,3,2.6,4.5,0.4,0.8
PPL,Prakash Pipes Limited,3,2.1,0.0,5.0,2.3
ASHIMASYN,Ashima Limited,4,3.0,4.5,5.0,1.3
ZEEMEDIA,Zee Media Corporation Limited,2,1.7,4.5,0.0,1.3
MENONBE,Menon Bearings Limited,4,2.9,3.4,5.0,2.5
GKWLIMITED,GKW Limited,3,3.0,1.3,1.0,3.5
VARDHACRLC,Vardhman Acrylics Limited,3,3.0,2.8,2.5,2.6
ORIENTBELL,Orient Bell Limited,3,3.2,3.4,1.5,1.1
GSCLCEMENT,Gujarat Sidhee Cement Limited,3,3.0,1.7,1.5,4.3
HCL-INSYS,HCL Infosystems Limited,3,3.0,5.0,0.0,0.8
ARTEMISMED,Artemis Medicare Services Limited,3,3.5,0.0,3.1,2.8
MEP,MEP Infrastructure Developers Limited,3,3.0,4.5,0.4,1.8
HINDNATGLS,Hindusthan National Glass & Industries Limited,2,2.0,4.0,0.4,0.8
MARATHON,Marathon Nextgen Realty Limited,3,3.0,4.0,1.2,1.6
MSPL,MSP Steel & Power Limited,3,2.6,4.2,0.4,3.0
ORICONENT,Oricon Enterprises Limited,4,3.5,4.0,1.0,4.5
JUBLINDS,Jubilant Industries Limited,2,3.0,3.2,0.0,1.0
CUPID,Cupid Limited,5,2.6,4.0,5.0,4.8
FSC,Future Supply Chain Solutions Limited,3,0.5,4.5,1.2,1.8
PPAP,PPAP Automotive Limited,3,3.2,3.1,3.1,2.5
RUBYMILLS,The Ruby Mills Limited,3,3.0,3.1,1.3,2.3
GANESHHOUC,Ganesh Housing Corporation Limited,2,2.3,3.5,0.4,0.8
NAHARPOLY,Nahar Poly Films Limited,4,3.0,3.4,1.9,4.0
RELCAPITAL,Reliance Capital Limited,2,1.2,4.0,0.0,0.0
GOKULAGRO,Gokul Agro Resources Limited,3,1.8,4.0,2.2,1.3
NIPPOBATRY,Indo-National Limited,2,3.2,1.4,1.9,1.3
KHADIM,Khadim India Limited,3,4.0,4.5,1.6,1.1
ADVANIHOTR,Advani Hotels & Resorts (India) Limited,4,2.6,3.4,5.0,3.0
AHLWEST,Asian Hotels (West) Limited,2,3.2,0.4,1.2,2.6
DPABHUSHAN,D. P. Abhushan Limited,3,3.0,0.0,4.6,1.7
JINDRILL,Jindal Drilling And Industries Limited,3,3.0,4.0,1.0,3.2
BCLIND,Bcl Industries Limited,4,3.0,4.0,4.0,4.0
THEMISMED,Themis Medicare Limited,3,3.0,3.1,1.2,1.9
GUJAPOLLO,Gujarat Apollo Industries Limited,3,2.6,1.9,1.0,2.6
HARRMALAYA,Harrisons  Malayalam Limited,3,2.6,2.7,0.4,2.5
PTL,PTL Enterprises Limited,5,3.5,4.0,5.0,3.5
CHEMBOND,Chembond Chemicals Ltd,2,3.2,0.7,1.0,2.5
PROZONINTU,Prozone Intu Properties Limited,3,1.9,4.0,0.0,4.1
SREINFRA,SREI Infrastructure Finance Limited,2,3.0,3.5,0.5,0.0
GOACARBON,Goa Carbon Limited,3,2.6,4.5,1.2,1.3
TALBROAUTO,Talbros Automotive Components Limited,3,2.6,3.2,1.9,1.3
ORIENTABRA,Orient Abrasives Limited,4,3.8,4.0,1.9,4.3
INVENTURE,Inventure Growth & Securities Limited,2,2.0,2.3,0.0,0.8
RAMANEWS,Shree Rama Newsprint Limited,3,3.0,3.9,0.4,0.8
MCL,Madhav Copper Limited,4,3.0,1.1,5.0,4.8
LASA,Lasa Supergenerics Limited,2,3.0,0.2,1.0,1.1
CREST,Crest Ventures Limited,4,3.5,3.5,3.3,4.5
BRNL,Bharat Road Network Limited,2,1.9,1.0,1.0,1.6
EROSMEDIA,Eros International Media Limited,2,2.3,4.5,0.0,0.5
MODIRUBBER,Modi Rubber Limited,3,3.0,3.1,1.2,2.3
WALCHANNAG,Walchandnagar Industries Limited,2,1.6,4.5,0.6,0.8
TVSELECT,TVS Electronics Limited,2,2.6,1.0,3.1,0.8
CAREERP,Career Point Limited,2,3.2,0.0,1.0,2.0
ZUARIGLOB,Zuari Global Limited,3,2.9,4.0,1.0,2.1
SECURKLOUD,SECUREKLOUD TECHNOLOGIES LIMITED,3,1.6,4.5,1.2,1.0
KRISHANA,Krishana Phoschem Limited,4,3.0,1.4,3.1,4.8
AYMSYNTEX,AYM Syntex Limited,3,3.0,4.0,1.2,1.4
PENIND,Pennar Industries Limited,4,2.7,4.0,3.1,3.3
BIRLAMONEY,Aditya Birla Money Limited,4,3.0,3.5,3.3,3.8
PDMJEPAPER,Pudumjee Paper Products Limited,4,3.2,4.0,1.9,3.0
KOTARISUG,Kothari Sugars And Chemicals Limited,3,3.0,3.4,1.5,3.7
ALANKIT,Alankit Limited,5,3.0,3.5,5.0,4.5
PENINLAND,Peninsula Land Limited,2,3.2,3.5,0.0,0.0
HDIL,Housing Development and Infrastructure Limited,3,3.5,3.1,1.0,1.1
LINCPEN,Linc Pen & Plastics Limited,3,3.0,4.0,1.9,2.8
JPINFRATEC,Jaypee Infratech Limited,2,2.0,5.0,0.0,0.8
VETO,Veto Switchgears And Cables Limited,3,3.0,4.0,2.5,2.3
MAHESHWARI,Maheshwari Logistics Limited,3,2.6,1.8,3.1,2.3
ADSL,Allied Digital Services Limited,3,2.8,3.4,1.0,3.4
RNAVAL,Reliance Naval and Engineering Limited,2,2.0,5.0,0.0,0.0
TRIL,Transformers And Rectifiers (India) Limited,2,2.3,2.0,1.2,1.1
OMINFRAL,OM INFRA LIMITED,3,3.0,3.4,1.2,2.6
LIBERTSHOE,Liberty Shoes Limited,3,2.6,3.4,1.2,3.1
MMP,MMP Industries Limited,3,3.8,0.2,4.4,2.5
MBAPL,Madhya Bharat Agro Products Limited,3,3.0,0.0,2.5,3.6
ALBERTDAVD,Albert David Limited,3,3.2,2.5,1.9,3.0
BRFL,Bombay Rayon Fashions Limited,2,2.3,4.5,0.0,0.0
VINYLINDIA,Vinyl Chemicals (India) Limited,4,2.6,2.8,4.4,2.6
PITTIENG,Pitti Engineering Limited,3,1.9,4.0,2.5,3.3
KHAICHEM,Khaitan Chemicals & Fertilizers Limited,3,2.0,2.2,2.5,4.0
HITECHCORP,Hitech Corporation Limited,3,3.0,2.4,1.6,1.1
GEECEE,GeeCee Ventures Limited,3,3.0,2.4,1.5,2.5
SDBL,Som Distilleries & Breweries Limited,3,2.0,4.0,3.1,2.3
SPTL,Sintex Plastics Technology Limited,2,0.8,4.5,0.0,1.8
JAGSNPHARM,Jagsonpal Pharmaceuticals Limited,3,3.0,2.8,1.0,2.5
ZODIACLOTH,Zodiac Clothing Company Limited,2,3.2,3.9,0.0,0.8
MBLINFRA,MBL Infrastructures Limited,4,2.7,3.7,2.1,3.8
BIL,Bhartiya International Limited,3,3.0,4.0,1.5,2.6
KANPRPLA,Kanpur Plastipack Limited,3,3.0,2.4,2.5,1.4
SILINV,SIL Investments Limited,4,3.0,3.5,4.5,3.0
WANBURY,Wanbury Limited,2,1.6,2.6,2.0,0.8
SINTERCOM,Sintercom India Limited,3,2.9,3.1,1.2,0.8
SELAN,Selan Exploration Technology Limited,4,2.3,4.0,2.5,4.6
SARLAPOLY,Sarla Performance Fibers Limited,3,2.6,4.0,2.5,2.2
SINTEX,Sintex Industries Limited,2,1.0,4.5,0.0,0.5
PODDARMENT,Poddar Pigments Limited,3,3.0,2.8,1.9,3.0
MCLEODRUSS,Mcleod Russel India Limited,2,1.0,4.0,1.2,0.5
WINDMACHIN,Windsor Machines Limited,2,1.6,4.5,0.0,0.8
UFO,UFO Moviez India Limited,4,2.3,4.0,4.0,3.8
HIRECT,Hind Rectifiers Limited,4,2.6,3.3,3.1,4.5
REFEX,Refex Industries Limited,5,2.3,4.0,5.0,4.8
SALZERELEC,Salzer Electronics Limited,3,2.9,4.0,1.9,2.8
UGARSUGAR,The Ugar Sugar Works Limited,2,2.1,3.1,0.4,0.8
AIRAN,Airan Limited,4,3.2,4.0,1.9,4.8
EIMCOELECO,Eimco Elecon (India) Limited,2,2.3,1.7,1.2,2.3
BASML,Bannari Amman Spinning Mills Limited,2,2.6,2.0,1.2,0.8
EIFFL,Euro India Fresh Foods Limited,2,3.0,1.3,1.0,2.1
JAYSREETEA,Jayshree Tea & Industries Limited,3,3.0,4.5,0.4,0.5
ASTRON,Astron Paper & Board Mill Limited,4,2.6,3.2,4.0,3.0
TRIGYN,Trigyn Technologies Limited,3,2.6,4.0,1.0,4.3
AKSHARCHEM,AksharChem India Limited,3,3.0,3.4,2.5,2.5
APOLLO,Apollo Micro Systems Limited,3,2.2,2.6,1.9,1.9
KOTHARIPRO,Kothari Products Limited,3,3.0,4.0,1.0,1.6
MAJESCO,Majesco Limited,3,2.0,3.0,1.0,4.0
STARPAPER,Star Paper Mills Limited,3,1.6,3.1,2.5,2.7
SETCO,Setco Automotive Limited,3,1.8,4.5,1.9,0.5
ONWARDTEC,Onward Technologies Limited,4,2.5,3.7,3.1,3.8
GENCON,Generic Engineering Construction and Projects Limited,4,3.0,4.0,3.1,4.5
CONSOFINVT,Consolidated Finvest & Holdings Limited,3,3.8,2.0,0.0,2.5
GULFPETRO,GP Petroleums Limited,3,3.0,3.4,1.5,2.2
SHIVATEX,Shiva Texyarn Limited,2,3.0,2.4,1.2,0.8
GENUSPAPER,Genus Paper & Boards Limited,3,2.3,3.7,1.0,2.0
AHLEAST,Asian Hotels (East) Limited,3,3.5,2.8,1.0,2.8
BIRLACABLE,Birla Cable Limited,3,2.7,1.7,4.0,1.3
MAZDA,Mazda Limited,4,2.8,3.1,2.5,3.9
DTIL,Dhunseri Tea & Industries Limited,3,3.0,4.0,1.0,3.8
SHIVAMAUTO,Shivam Autotech Limited,3,3.0,4.5,0.4,0.6
GOKUL,Gokul Refoils and Solvent Limited,3,2.5,1.9,1.0,4.0
SPECIALITY,Speciality Restaurants Limited,3,2.6,4.5,0.0,1.2
CHEMFAB,Chemfab Alkalis Limited,3,2.5,0.0,1.9,4.0
INSPIRISYS,Inspirisys Solutions Limited,3,3.0,3.1,2.9,2.3
SHEMAROO,Shemaroo Entertainment Limited,4,3.8,4.0,3.1,1.8
SAKAR,Sakar Healthcare Limited,4,3.2,2.6,3.1,4.8
RANEENGINE,Rane Engine Valve Limited,2,2.6,4.5,0.0,0.5
NAHARINDUS,Nahar Industrial Enterprises Limited,3,2.5,4.5,0.4,0.8
NAHARCAP,Nahar Capital and Financial Services Limited,3,3.2,2.5,2.3,0.5
SIMPLEXINF,Simplex Infrastructures Limited,3,3.3,4.5,0.6,0.3
UNIVPHOTO,Universus Photo Imagings Limited,3,3.0,0.0,0.9,5.0
ROHLTD,Royal Orchid Hotels Limited,3,3.0,4.0,1.2,3.1
ABAN,Aban Offshore Limited,2,1.9,5.0,0.0,0.0
BANSWRAS,Banswara Syntex Limited,3,2.6,3.4,1.9,3.3
NILAINFRA,Nila Infrastructures Limited,4,3.5,4.0,4.0,2.2
KREBSBIO,Krebs Biochemicals and Industries Limited,3,3.0,5.0,0.0,1.0
KCPSUGIND,KCP Sugar and Industries Corporation Limited,2,2.6,3.9,0.4,0.5
RAJTV,Raj Television Network Limited,3,3.0,3.9,1.0,2.6
NIRAJ,Niraj Cement Structurals Limited,2,2.2,1.4,0.4,3.0
PREMEXPLN,Premier Explosives Limited,3,2.6,4.5,1.0,0.8
AGARIND,Agarwal Industrial Corporation Limited,4,2.6,4.0,2.5,4.2
DHUNINV,Dhunseri Investments Limited,3,3.0,2.5,3.0,0.0
BBTCL,B&B Triplewall Containers Limited,3,3.0,0.0,3.4,2.6
ESSARSHPNG,Essar Shipping Limited,3,3.5,5.0,0.0,0.0
EMKAY,Emkay Global Financial Services Limited,3,3.0,4.0,1.3,0.8
DCMNVL,DCM Nouvelle Limited,2,3.0,0.0,1.3,0.8
MANGALAM,Mangalam Drugs And Organics Limited,3,1.6,3.4,1.9,1.1
ANDHRACEMT,Andhra Cements Limited,2,2.8,4.7,0.0,0.0
ISMTLTD,ISMT Limited,2,1.6,4.0,0.4,0.5
GREENPOWER,Orient Green Power Company Limited,3,2.0,2.0,0.0,4.5
ORBTEXP,Orbit Exports Limited,4,2.5,3.1,4.4,2.8
BIGBLOC,Bigbloc Construction Limited,2,3.0,1.4,1.5,1.1
SHREYAS,Shreyas Shipping & Logistics Limited,4,3.0,4.0,2.5,3.4
MANAKSTEEL,Manaksia Steels Limited,3,3.0,3.4,1.5,2.8
DONEAR,Donear Industries Limited,3,3.0,4.0,2.5,1.3
CAPTRUST,Capital Trust Limited,3,3.8,2.0,0.5,3.3
BHARATWIRE,Bharat Wire Ropes Limited,2,1.5,4.2,0.4,1.0
KOTHARIPET,Kothari Petrochemicals Limited,4,3.0,4.0,4.0,4.1
GOODLUCK,Goodluck India Limited,3,3.2,4.0,1.9,2.5
TIL,TIL Limited,3,3.3,4.5,1.2,1.1
WELINV,Welspun Investments and Commercials Limited,4,3.0,1.9,2.3,5.0
BROOKS,Brooks Laboratories Limited,3,3.0,4.5,0.0,1.1
STEL,Stel Holdings Limited,3,2.6,2.9,1.3,5.0
NDL,Nandan Denim Limited,3,3.0,4.5,1.2,0.8
PARACABLES,Paramount Communications Limited,3,2.2,1.8,3.6,3.2
RUCHIRA,Ruchira Papers Limited,4,3.0,4.0,4.0,2.2
AXISCADES,AXISCADES Technologies Limited,2,2.0,4.5,0.4,0.8
ASPINWALL,Aspinwall and Company Limited,2,3.0,1.7,1.2,1.3
SOUTHWEST,South West Pinnacle Exploration Limited,3,3.0,1.4,3.1,1.8
UNITEDTEA,The United Nilgiri Tea Estates Company Limited,3,3.3,3.1,1.9,3.0
SMSLIFE,SMS Lifesciences India Limited,3,2.7,2.5,2.5,2.2
EMMBI,Emmbi Industries Limited,4,3.2,4.0,4.0,2.2
RANASUG,Rana Sugars Limited,4,2.0,2.7,4.6,3.7
APOLSINHOT,Apollo Sindoori Hotels Limited,4,3.0,2.8,5.0,3.6
BSHSL,Bombay Super Hybrid Seeds Limited,3,3.0,0.0,3.4,3.2
ARIHANTSUP,Arihant Superstructures Limited,3,3.0,4.5,1.2,0.8
IRISDOREME,Iris Clothings Limited,4,3.2,1.2,5.0,2.6
DPWIRES,D P Wires Limited,4,3.0,0.0,5.0,4.3
REVATHI,Revathi Equipment Limited,3,3.0,2.6,1.0,2.3
RKEC,RKEC Projects Limited,4,3.0,2.8,5.0,4.0
PIONDIST,Pioneer Distilleries Limited,2,3.0,3.7,0.4,0.5
MAGADSUGAR,Magadh Sugar & Energy Limited,3,3.0,1.6,2.1,3.0
ELECTHERM,Electrotherm (India) Limited,3,2.4,3.6,0.6,3.2
SHREYANIND,Shreyans Industries Limited,4,2.6,3.1,5.0,3.1
MAWANASUG,Mawana Sugars Limited,2,2.2,4.2,0.6,0.8
BHAGYANGR,Bhagyanagar India Limited,3,3.0,2.1,1.5,1.9
HINDMOTORS,Hindustan Motors Limited,2,2.3,4.0,0.0,1.5
NITCO,Nitco Limited,3,2.3,3.5,3.4,0.0
SUNDRMBRAK,Sundaram Brake Linings Limited,3,3.0,3.4,1.2,2.5
GINNIFILA,Ginni Filaments Limited,2,2.2,4.0,0.6,1.0
VIDEOIND,Videocon Industries Limited,2,2.0,5.0,0.0,0.0
OSWALAGRO,Oswal Agro Mills Limited,3,2.6,3.7,1.0,4.0
CEBBCO,Commercial Engineers & Body Builders Co Limited,4,2.5,3.2,5.0,2.6
BALLARPUR,Ballarpur Industries Limited,2,1.6,3.7,0.0,0.0
SUPERHOUSE,Superhouse Limited,3,2.6,3.7,1.5,3.1
MBECL,Mcnally Bharat Engineering Company Limited,2,1.6,4.5,0.0,0.0
WEALTH,Wealth First Portfolio Managers Limited,3,3.0,0.0,5.0,2.5
MARALOVER,Maral Overseas Limited,2,2.0,4.5,0.4,0.3
VIVIMEDLAB,Vivimed Labs Limited,2,0.5,4.5,0.4,0.8
EMKAYTOOLS,Emkay Taps and Cutting Tools Limited,3,3.0,2.0,3.1,3.0
DENORA,De Nora India Limited,3,2.6,4.0,1.5,3.3
ROML,Raj Oil Mills Limited,3,3.0,4.0,0.0,3.5
ELGIRUBCO,Elgi Rubber Company Limited,3,3.0,4.0,1.0,1.1
DANGEE,Dangee Dums Limited,3,3.0,2.5,3.0,1.8
WEBELSOLAR,Websol Energy System Limited,2,1.9,3.4,0.0,0.8
AAKASH,Aakash Exploration Services Limited,3,3.0,0.0,2.5,4.5
KAKATCEM,Kakatiya Cement Sugar & Industries Limited,3,2.8,3.9,1.0,0.8
UMANGDAIRY,Umang Dairies Limited,3,3.0,3.4,1.9,3.0
PRECOT,Precot Limited,3,2.2,4.5,0.4,1.2
CLEDUCATE,CL Educate Limited,2.5,3,2,2,2.5
RPPINFRA,R.P.P. Infra Projects Limited,3,1.8,4.0,2.5,2.4
JHS,JHS Svendgaard Laboratories Limited,3,2.1,2.4,1.9,1.9
JOCIL,Jocil Limited,3,2.6,3.4,1.0,3.7
PONNIERODE,Ponni Sugars (Erode) Limited,4,3.3,3.4,1.2,4.1
SIL,Standard Industries Limited,2,2.0,3.5,0.0,1.0
IITL,Industrial Investment Trust Limited,2,3.3,2.0,0.0,2.5
AUTOIND,Autoline Industries Limited,2,2.0,4.1,0.0,0.8
KILITCH,Kilitch Drugs (India) Limited,3,3.0,1.2,1.5,4.8
INDTERRAIN,Indian Terrain Fashions Limited,3,1.2,4.5,1.9,1.0
20MICRONS,20 Microns Limited,3,1.6,3.4,3.1,3.6
JMTAUTOLTD,JMT Auto Limited,2,2.0,4.5,0.0,0.5
SKMEGGPROD,SKM Egg Products Export (India) Limited,3,2.6,4.0,1.2,3.6
SEYAIND,Seya Industries Limited,3,3.5,4.0,1.5,2.3
MAHASTEEL,Mahamaya Steel Industries Limited,3,3.0,2.6,1.2,2.1
PASHUPATI,Pashupati Cotspin Limited,2,3.2,0.0,1.5,0.8
LOVABLE,Lovable Lingerie Limited,3,3.0,4.0,0.0,2.3
JBFIND,JBF Industries Limited,2,1.4,4.5,0.0,0.0
CREATIVE,Creative Peripherals and Distribution Limited,3,3.0,0.0,4.4,4.5
RUCHINFRA,Ruchi Infrastructure Limited,3,3.8,1.3,0.4,2.6
COMPINFO,Compuage Infocom Limited,4,2.6,4.0,4.0,2.1
TPLPLASTEH,TPL Plastech Limited,4,3.0,4.0,4.0,2.2
PENTAGOLD,Penta Gold Limited,3,3.0,0.0,2.5,2.8
IVC,IL&FS Investment Managers Limited,3,1.6,3.5,3.3,2.5
PODDARHOUS,Poddar Housing and Development Limited,3,3.8,4.5,0.4,1.0
AHLADA,Ahlada Engineers Limited,3,3.3,0.0,4.0,1.6
RAMASTEEL,Rama Steel Tubes Limited,3,3.0,3.4,2.5,1.4
TOUCHWOOD,Touchwood Entertainment Limited,3,3.0,0.0,5.0,3.1
RHFL,Reliance Home Finance Limited,2,2.6,4.0,0.0,1.3
VIPCLOTHNG,VIP Clothing Limited,3,2.8,4.5,0.0,0.8
ASIANHOTNR,Asian Hotels (North) Limited,2,1.6,4.5,0.4,0.5
SHYAMCENT,Shyam Century Ferrous Limited,3,2.6,4.5,1.5,0.8
BETA,Beta Drugs Limited,4,3.0,2.6,5.0,3.1
MGEL,Mangalam Global Enterprise Limited,3,3.0,0.0,2.5,3.6
MOLDTECH,Mold-Tek Technologies Limited,4,2.1,3.7,5.0,4.3
TCIDEVELOP,TCI Developers Limited,3,2.5,3.9,1.5,1.1
SHRENIK,Shrenik Limited,4,1.5,4.0,3.4,3.1
DRCSYSTEMS,DRC Systems India Limited,3,2.5,5.0,1.6,1.3
ALPHAGEO,Alphageo (India) Limited,4,2.3,4.5,4.4,0.8
SAKUMA,Sakuma Exports Limited,4,2.7,3.4,3.1,3.8
SAKHTISUG,Sakthi Sugars Limited,2,2.6,5.0,0.0,0.0
NOIDATOLL,Noida Toll Bridge Company Limited,2,2.4,4.5,0.0,0.8
NDRAUTO,Ndr Auto Components Limited,3,3.2,5.0,0.6,2.5
SMARTLINK,Smartlink Holdings Limited,2,3.0,3.4,0.0,0.0
HUBTOWN,Hubtown Limited,3,2.2,4.5,0.6,0.8
BPL,BPL Limited,3,2.5,4.0,1.0,0.8
FCSSOFT,FCS Software Solutions Limited,2,2.0,3.9,0.0,1.6
EMAMIREAL,Emami Realty Limited,3,2.6,4.5,1.0,1.0
DRSDILIP,DRS Dilip Roadlines Limited,2,3.0,0.0,2.1,1.8
PRIMESECU,Prime Securities Limited,3,1.5,3.2,0.0,4.5
UTTAMSTL,Uttam Galva Steels Limited,2,3.0,4.6,0.0,0.0
RAJMET,Rajnandini Metal Limited,3,3.0,5.0,2.1,0.8
DEEPENR,DEEP ENERGY RESOURCES LIMITED,3,3.5,3.4,1.5,1.0
SILVERTUC,Silver Touch Technologies Limited,3,3.2,0.2,3.5,2.8
KMSUGAR,K.M.Sugar Mills Limited,4,3.2,3.4,4.0,3.9
BIOFILCHEM,Biofil Chemicals & Pharmaceuticals Limited,3,2.6,3.7,1.2,3.3
MINDTECK,Mindteck (India) Limited,3,3.0,4.5,0.0,1.2
GRPLTD,GRP Limited,2,2.6,2.8,1.0,1.0
GPTINFRA,GPT Infraprojects Limited,3,2.0,4.0,1.9,1.9
DUCON,Ducon Infratechnologies Limited,3,3.2,4.0,1.2,0.8
PIONEEREMB,Pioneer Embroideries Limited,3,1.5,3.4,1.2,3.1
ICEMAKE,Ice Make Refrigeration Limited,4,3.0,2.6,4.4,3.1
MAANALU,Maan Aluminium Limited,4,3.0,4.0,4.0,3.6
KSOLVES,Ksolves India Limited,3,3.0,0.0,5.0,3.5
LSIL,Lloyds Steels Industries Limited,3,2.6,4.0,1.0,4.3
PRAXIS,Praxis Home Retail Limited,3,3.7,3.4,0.0,2.8
INNOVANA,Innovana Thinklabs Limited,4,3.0,1.9,5.0,3.3
PAVNAIND,Pavna Industries Limited,4,3.5,5.0,5.0,1.3
MURUDCERA,Murudeshwar Ceramics Limited,3,3.2,4.0,1.0,1.6
ARIES,Aries Agro Limited,3,2.6,4.0,2.5,2.1
IVP,IVP Limited,3,3.2,4.5,1.2,1.0
KAPSTON,Kapston Facilities Management Limited,3,3.0,0.0,5.0,2.7
ISFT,Intrasoft Technologies Limited,3,3.3,4.0,1.0,2.5
SOFTTECH,Softtech Engineers Limited,3,2.5,0.0,4.0,2.6
TEMBO,Tembo Global Industries Limited,3,3.0,0.0,4.0,2.4
TTL,T T Limited,2,2.8,3.9,0.6,0.3
RVHL,Ravinder Heights Limited,3,3.0,5.0,0.0,1.0
SPLIL,SPL Industries Limited,4,3.0,3.7,5.0,4.0
MOTOGENFIN,The Motor & General Finance Limited,2,3.2,3.2,0.0,0.0
ARROWGREEN,Arrow Greentech Limited,3,2.5,4.0,3.1,2.3
TRF,TRF Limited,2,2.3,3.7,0.0,0.0
GROBTEA,The Grob Tea Company Limited,3,3.0,3.1,1.2,1.8
MAHAPEXLTD,Maha Rashtra Apex Corporation Limited,3,3.0,3.4,1.3,2.5
ANSALAPI,Ansal Properties & Infrastructure Limited,2,1.6,3.5,0.0,0.7
PALREDTEC,Palred Technologies Limited,3,2.7,3.5,0.0,3.5
BHAGYAPROP,Bhagyanagar Properties Limited,3,3.0,2.9,1.0,4.8
RPPL,Rajshree Polypack Limited,3,3.2,0.2,4.0,2.6
INDOTECH,Indo Tech Transformers Limited,2,2.0,1.4,0.0,3.3
MACPOWER,Macpower CNC Machines Limited,4,4.0,2.9,4.4,2.7
PANSARI,Pansari Developers Limited,4,3.2,5.0,1.0,4.1
AMJLAND,Amj Land Holdings Limited,3,3.0,3.4,1.5,3.5
LGBFORGE,LGB Forge Limited,3,2.5,4.2,0.6,2.6
GSS,GSS Infotech Limited,3,2.7,2.4,1.0,4.2
SIGIND,Signet Industries Limited,3,3.2,4.0,2.5,0.8
CINELINE,Cineline India Limited,3,3.0,3.4,1.5,1.0
GILLANDERS,Gillanders Arbuthnot & Company Limited,3,3.2,4.5,0.4,0.5
OPTOCIRCUI,Opto Circuits (India) Limited,2,2.0,3.5,0.0,0.3
AKSHOPTFBR,Aksh Optifibre Limited,2,1.0,4.5,0.0,0.8
CORALFINAC,Coral India Finance & Housing Limited,3,3.0,2.5,3.3,0.0
OMAXAUTO,Omax Autos Limited,3,2.8,3.7,1.9,3.1
XPROINDIA,Xpro India Limited,2,1.9,2.0,1.5,2.3
SPECTRUM,Spectrum Electrical Industries Limited,3,3.2,0.0,4.0,2.6
LOTUSEYE,Lotus Eye Hospital and Institute Limited,3,2.8,3.2,1.0,4.1
JINDALPHOT,Jindal Photo Limited,2,3.0,3.5,0.0,1.3
OSIAHYPER,Osia Hyper Retail Limited,4,3.0,0.0,5.0,4.8
KERNEX,Kernex Microsystems (India) Limited,2,2.0,1.7,0.0,4.0
GTL,GTL Limited,2,2.0,4.0,0.0,1.2
KECL,Kirloskar Electric Company Limited,2,2.0,5.0,0.0,0.0
REMSONSIND,Remsons Industries Limited,4,3.0,3.3,4.0,3.7
GEEKAYWIRE,Geekay Wires Limited,3,2.8,1.2,2.5,3.8
URAVI,Uravi T and Wedge Lamps Limited,3,3.0,0.2,2.5,2.6
SVLL,Shree Vasu Logistics Limited,3,3.0,0.0,3.4,3.0
INDIANCARD,Indian Card Clothing Company Limited,2,3.0,3.9,0.0,0.8
ORIENTLTD,Orient Press Limited,3,3.0,3.8,1.2,0.8
MANAKCOAT,Manaksia Coated Metals & Industries Limited,3,3.0,4.0,1.2,2.3
ALMONDZ,Almondz Global Securities Limited,2,2.8,1.2,0.0,2.5
AARVI,Aarvi Encon Limited,3,3.0,1.4,1.9,3.4
INDOSOLAR,Indosolar Limited,2,1.6,3.7,0.0,0.2
PAR,Par Drugs and Chemicals Limited,3,3.2,0.0,2.5,2.5
BALPHARMA,Bal Pharma Limited,3,2.8,4.2,1.2,0.5
WORTH,Worth Peripherals Limited,4,3.0,2.1,4.4,3.8
ALPA,Alpa Laboratories Limited,3,2.6,3.4,1.0,2.8
ACCURACY,Accuracy Shipping Limited,4,4.0,1.8,4.6,3.1
WEIZMANIND,Weizmann Limited,3,3.0,2.7,1.9,3.0
VISASTEEL,Visa Steel Limited,2,2.3,3.2,0.0,0.8
HOVS,HOV Services Limited,2,2.6,4.2,0.0,0.8
LYKALABS,Lyka Labs Limited,2,1.3,3.9,0.0,0.3
SHIVAUM,Shiv Aum Steels Limited,2,3.0,0.0,2.5,2.1
PREMIERPOL,Premier Polyfilm Limited,4,2.6,3.4,3.1,3.7
SITINET,Siti Networks Limited,2,1.8,5.0,0.0,0.2
NDGL,Naga Dhunseri Group Limited,3,3.0,3.4,3.0,0.0
BYKE,The Byke Hospitality Ltd,3,3.0,4.0,1.9,1.1
JMA,Jullundur Motor Agency (Delhi) Limited,3,3.1,3.1,1.9,1.0
TEXMOPIPES,Texmo Pipes and Products Limited,3,2.6,4.0,1.2,2.9
KALYANIFRG,Kalyani Forge Limited,3,2.6,4.5,1.0,0.8
INTENTECH,Intense Technologies Limited,3,1.9,4.0,1.9,4.1
GOLDENTOBC,Golden Tobacco Limited,2,2.3,3.6,0.0,1.5
COMPUSOFT,Compucom Software Limited,2,3.2,1.0,1.0,1.6
KAMATHOTEL,Kamat Hotels (I) Limited,3,2.0,3.0,2.0,1.0
PANACHE,Panache Digilife Limited,3,3.0,0.2,3.1,1.9
FMNL,Future Market Networks Limited,3,2.0,4.0,1.6,3.3
DSSL,Dynacons Systems & Solutions Limited,4,2.8,3.4,3.1,4.1
ABMINTLTD,ABM International Limited,2,3.0,3.8,0.0,1.0
PKTEA,The Peria Karamalai Tea & Produce Company Limited,3,3.5,4.5,1.0,0.8
BHARATGEAR,Bharat Gears Limited,3,2.6,4.5,0.6,0.7
SUPREMEENG,Supreme Engineering Limited,2,1.8,0.0,3.4,1.3
IZMO,IZMO Limited,2,1.5,2.0,0.4,1.3
CCHHL,Country Club Hospitality & Holidays Limited,3,3.0,4.5,0.4,0.8
TOKYOPLAST,Tokyo Plast International Limited,2,3.0,1.2,0.4,1.1
A2ZINFRA,A2Z Infra Engineering Limited,2,1.0,4.5,0.0,0.5
GAMMNINFRA,Gammon Infrastructure Projects Limited,2,1.7,3.5,0.0,0.8
MAHICKRA,Mahickra Chemicals Limited,3,2.8,0.0,3.1,2.3
KRITIKA,Kritika Wires Limited,2,3.0,0.0,2.5,1.1
ARCHIDPLY,Archidply Industries Limited,3,2.5,4.0,1.2,1.1
MUKTAARTS,Mukta Arts Limited,3,2.5,4.0,1.0,2.6
CMICABLES,CMI Limited,3,2.5,3.4,2.5,1.9
LIBAS,Libas Consumer Products Limited,2,2.1,0.6,1.9,1.6
VIKASECO,Vikas EcoTech Limited,2,1.8,2.4,2.5,0.8
AROGRANITE,Aro Granite Industries Limited,3,2.6,4.0,1.0,1.1
AUSOMENT,Ausom Enterprise Limited,4,3.0,3.7,4.6,3.1
TOTAL,Total Transport Systems Limited,3,2.6,1.3,4.0,2.8
DEVIT,Dev Information Technology Limited,3,3.0,0.2,3.1,2.2
RSSOFTWARE,R. S. Software (India) Limited,2,2.6,4.5,0.0,0.8
BANKA,Banka BioLoo Limited,4,2.1,3.3,5.0,3.3
ARVEE,Arvee Laboratories (India) Limited,3,3.0,1.4,3.1,2.6
HISARMETAL,Hisar Metal Industries Limited,3,2.8,2.1,4.0,1.6
SICAL,Sical Logistics Limited,2,0.8,4.5,0.4,0.5
SRPL,Shree Ram Proteins Limited,2,2.6,0.6,1.5,2.6
PNC,Pritish Nandy Communications Limited,3,2.8,2.4,1.0,4.1
SHREERAMA,Shree Rama Multi-Tech Limited,3,2.6,2.4,2.8,3.2
GANGESSECU,Ganges Securities Limited,3,3.0,2.9,0.0,5.0
TARMAT,Tarmat Limited,3,2.3,3.7,1.3,4.2
MCDHOLDING,McDowell Holdings Limited,3,1.6,4.0,0.0,4.5
JAKHARIA,JAKHARIA FABRIC LIMITED,2,3.0,0.0,1.5,2.5
AARON,Aaron Industries Limited,3,3.0,0.0,5.0,3.3
SICAGEN,Sicagen India Limited,2,2.5,3.4,0.4,1.1
PARIN,Parin Furniture Limited,2,3.0,0.0,2.5,1.8
SUNDARAM,Sundaram Multi Pap Limited,3,2.0,3.8,0.4,2.0
MANAKALUCO,Manaksia Aluminium Company Limited,3,3.0,4.0,1.2,2.8
ROLLT,Rollatainers Limited,2,3.0,3.2,0.0,0.8
E2E,E2E Networks Limited,2,2.8,2.5,1.6,1.0
LOKESHMACH,Lokesh Machines Limited,3,1.6,4.5,1.2,0.8
INDBANK,Indbank Merchant Banking Services Limited,3,3.0,3.1,2.3,0.0
DAMODARIND,Damodar Industries Limited,3,3.0,4.2,1.2,0.5
INDOTHAI,Indo Thai Securities Limited,2,3.0,3.4,0.0,0.0
IMAGICAA,Imagicaaworld Entertainment Limited,2,1.3,5.0,0.0,0.0
SAGARDEEP,Sagardeep Alloys Limited,2,3.0,0.0,1.0,1.1
SKIL,SKIL Infrastructure Limited,2,2.0,4.2,0.0,0.5
WFL,Wonder Fibromats Limited,3,3.5,0.0,5.0,3.0
AVG,AVG Logistics Limited,3,4.0,0.2,4.0,1.6
SARVESHWAR,Sarveshwar Foods Limited,2,3.0,1.7,1.5,1.1
PRAENG,Prajay Engineers Syndicate Limited,3,2.3,3.9,0.0,2.3
GLOBALVECT,Global Vectra Helicorp Limited,2,3.0,2.0,1.2,1.4
ROLTA,Rolta India Limited,2,1.8,4.1,0.0,0.0
ATLANTA,Atlanta  Limited,2,2.0,4.5,0.0,0.8
JYOTISTRUC,Jyoti Structures Limited,2,1.2,4.0,0.0,0.0
MOKSH,Moksh Ornaments Limited,3,3.0,0.6,3.4,1.8
TAINWALCHM,Tainwala Chemical and Plastic (I) Limited,3,3.2,2.8,1.0,3.1
NILASPACES,Nila Spaces Limited,2,3.5,0.0,1.0,1.1
STEELCITY,Steel City Securities Limited,4,3.2,3.5,3.8,3.3
ASAL,Automotive Stampings and Assemblies Limited,3,3.0,4.7,0.0,0.8
MORARJEE,Morarjee Textiles Limited,2,2.6,4.5,0.4,0.0
CORDSCABLE,Cords Cable Industries Limited,4,2.6,4.0,2.5,2.9
WIPL,The Western India Plywoods Limited,2,2.5,0.4,1.2,1.8
ALKALI,Alkali Metals Limited,3,2.0,3.7,1.0,2.9
LAMBODHARA,Lambodhara Textiles Limited,3,2.2,4.0,3.4,2.1
PRESSMN,Pressman Advertising Limited,4,2.6,4.0,4.4,1.0
PUNJLLOYD,Punj Lloyd Limited,2,1.0,2.6,1.5,1.5
CTE,Cambridge Technology Enterprises Limited,3,2.6,4.0,1.9,2.0
FLEXITUFF,Flexituff Ventures International Limited,2,1.7,4.5,0.4,0.3
RAJSREESUG,Rajshree Sugars & Chemicals Limited,2,1.6,3.8,0.0,0.0
GLOBE,Globe Textiles (India) Limited,2,3.0,0.0,2.5,1.6
BEDMUTHA,Bedmutha Industries Limited,2,1.4,4.0,0.0,0.0
SALONA,Salona Cotspin Limited,2,3.0,1.4,1.2,0.8
SURYALAXMI,Suryalakshmi Cotton Mills Limited,2,1.6,4.5,0.4,0.5
UJAAS,Ujaas Energy Limited,2,1.5,4.1,1.0,0.8
NITIRAJ,Nitiraj Engineers Limited,2,3.0,0.0,1.5,2.3
HPIL,Hindprakash Industries Limited,3,3.0,0.0,3.1,2.3
SUMEETINDS,Sumeet Industries Limited,2,2.0,4.1,0.0,0.0
PALASHSECU,Palash Securities Limited,3,3.2,3.2,0.0,5.0
TERASOFT,Tera Software Limited,3,1.4,4.0,1.2,1.6
OSWALSEEDS,ShreeOswal Seeds And Chemicals Limited,2,3.0,0.0,1.9,2.0
MRO-TEK,MRO-TEK Realty Limited,3,2.8,4.7,0.4,0.2
MTEDUCARE,MT Educare Limited,2,2.0,4.5,0.0,0.8
NIBL,NRB Industrial Bearings Limited,2,3.2,3.5,0.0,0.5
GANGAFORGE,Ganga Forging Limited,2,3.0,2.5,0.4,1.1
DCM,DCM  Limited,2,3.0,2.5,0.0,0.3
TARACHAND,Tara Chand Logistic Solutions Limited,3,3.2,1.4,2.5,3.8
SURANASOL,Surana Solar Limited,3,3.2,2.9,1.0,1.1
MALUPAPER,Malu Paper Mills Limited,2,2.0,0.7,2.5,0.6
MHHL,Mohini Health & Hygiene Limited,3,3.0,3.7,2.5,1.6
SHRADHA,Shradha Infraprojects Limited,3,3.0,2.0,1.2,2.5
ARSSINFRA,ARSS Infrastructure Projects Limited,2,1.9,1.7,0.0,2.7
MADHAV,Madhav Marbles and Granites Limited,3,2.8,3.1,1.0,3.5
MEGASOFT,Megasoft Limited,2,1.5,2.0,0.4,2.6
ENERGYDEV,Energy Development Company Limited,2,2.6,4.1,0.0,0.8
DGCONTENT,Digicontent Limited,2,3.0,2.5,0.4,0.8
AARVEEDEN,Aarvee Denims & Exports Limited,2,2.0,4.5,0.4,0.5
PATINTLOG,Patel Integrated Logistics Limited,3,2.8,4.0,1.5,2.0
KANANIIND,Kanani Industries Limited,3,3.0,4.0,1.0,2.1
BAGFILMS,B.A.G Films and Media Limited,3,2.6,2.0,0.4,3.1
SANWARIA,Sanwaria Consumer Limited,3,1.8,5.0,2.4,0.0
NECCLTD,North Eastern Carrying Corporation Limited,3,2.6,4.0,1.2,1.9
ANIKINDS,Anik Industries Limited,2,2.5,4.5,0.0,0.8
ARTNIRMAN,Art Nirman Limited,4,3.0,5.0,1.6,3.6
BVCL,Barak Valley Cements Limited,3,2.1,4.0,1.2,2.9
SAMBHAAV,Sambhaav Media Limited,2,3.0,2.0,1.0,1.6
ZENITHEXPO,Zenith Exports Limited,3,2.6,3.1,0.0,2.3
KEYFINSERV,Keynote Financial Services Limited,3,3.0,3.4,2.3,0.5
MDL,Marvel Decor Limited,2,3.0,0.6,1.9,2.0
GLOBAL,Global Education Limited,4,3.2,3.7,5.0,3.7
SHIVAMILLS,Shiva Mills Limited,2,3.0,1.2,1.5,1.1
AAATECH,Aaa Technologies Limited,5,3.5,5.0,5.0,2.5
SOMICONVEY,Somi Conveyor Beltings Limited,3,2.6,4.0,1.2,2.6
KRIDHANINF,Kridhan Infra Limited,3,3.0,4.5,0.0,0.8
TREJHARA,TREJHARA SOLUTIONS LIMITED,1,1.0,0.0,1.3,1.6
DELTAMAGNT,Delta Manufacturing Limited,3,3.2,4.1,0.0,1.3
CINEVISTA,Cinevista Limited,3,3.0,3.8,0.4,1.0
ARCHIES,Archies Limited,3,3.2,4.5,0.0,0.8
CENTEXT,Century Extrusions Limited,3,2.6,4.0,1.9,2.9
BSL,BSL Limited,3,2.6,4.0,1.2,0.3
INDOWIND,Indowind Energy Limited,2,1.4,2.0,0.0,2.3
ONEPOINT,One Point One Solutions Limited,3,3.2,3.8,1.0,1.3
ANSALHSG,Ansal Housing Limited,2,1.6,4.5,0.4,0.3
DBSTOCKBRO,DB (International) Stock Brokers Limited,3,2.3,2.7,0.0,5.0
SIMBHALS,Simbhaoli Sugars Limited,3,1.6,5.0,2.0,1.0
PIGL,Power & Instrumentation (Gujarat) Limited,3,3.0,0.0,3.5,2.1
DHARSUGAR,Dharani Sugars & Chemicals Limited,2,2.0,4.0,0.0,0.0
SIGMA,Sigma Solve Limited,5,3.5,5.0,5.0,3.3
